,Loan_Amount,Monthly_Salary,Total_Income_for_Join_Application,Total_Sum_of_Loan,Years_to_Financial_Freedom,Loan_Tenure_Year,Credit_Card_Exceed_Months,State,Credit_Card_types,Years_for_Property_to_Completion,Number_of_Bank_Products,Decision
0,0.24,0.97,0.68,0.42,0,6,0,0,2,0,0,1
1,0.72,0.63,0.77,0.45,10,9,0,0,1,0,0,0
2,0.18,0.15,0.41,0.12,0,5,0,0,1,0,1,1
3,0.56,0.1,0.27,0.11,0,10,0,0,1,0,0,0
4,0.28,0.23,0.41,0.34,0,4,0,0,1,0,0,1
5,0.14,0.86,0.71,0.9,0,10,0,0,1,2,0,1
6,0.18,0.47,0.29,0.19,0,9,0,0,0,0,0,0
7,0.81,0.76,0.0,0.65,0,11,0,0,1,0,0,1
8,0.02,0.94,0.43,0.13,0,14,0,0,1,0,1,0
9,0.08,0.47,0.87,0.71,0,2,0,0,0,0,0,1
10,0.2,0.17,0.5,0.2,0,12,0,0,1,0,0,1
11,0.24,0.48,0.39,0.57,4,0,0,0,2,0,1,0
12,0.19,0.32,0.32,0.42,0,13,0,0,1,0,0,0
13,0.16,0.21,0.62,0.1,0,14,0,0,1,0,0,0
14,0.21,0.36,0.48,0.81,0,10,0,0,1,0,0,1
15,0.68,0.92,0.42,0.74,0,3,0,0,1,0,0,0
16,0.27,0.45,0.27,0.36,3,2,0,0,0,0,0,1
17,0.0,0.71,0.41,0.14,0,4,0,0,1,0,0,1
18,0.93,0.29,0.51,0.24,0,8,0,0,2,2,0,0
19,0.11,0.71,0.06,0.95,0,2,0,0,1,1,0,1
20,0.14,0.44,0.7,0.52,0,6,0,0,0,0,0,1
21,0.53,0.62,0.82,0.49,0,13,0,0,1,0,0,0
22,0.16,0.17,0.76,0.51,0,0,0,0,1,0,0,1
23,0.11,0.92,0.25,0.86,0,5,0,0,1,0,1,0
24,0.58,0.67,0.5,0.37,0,9,0,0,1,2,0,0
25,0.41,0.4,0.68,0.88,0,1,0,0,1,0,0,0
26,0.21,0.33,0.48,0.24,0,5,0,0,1,0,0,0
27,0.22,0.55,0.52,0.4,0,11,0,0,2,0,0,0
28,0.95,0.72,0.38,0.78,10,8,0,0,2,0,0,0
29,0.21,0.68,0.66,0.57,0,10,0,0,0,0,0,0
30,0.4,0.39,0.49,0.96,8,3,0,0,0,0,0,0
31,0.39,0.33,0.59,0.31,0,8,0,0,0,0,0,1
32,0.02,0.84,0.91,0.85,0,5,0,0,1,0,0,1
33,0.4,0.81,0.51,0.39,0,8,0,0,1,0,0,0
34,0.37,0.01,0.6,0.11,0,4,0,0,1,0,0,1
35,0.64,0.32,0.68,0.06,10,14,0,0,1,0,0,0
36,0.16,0.78,0.84,0.33,0,8,0,0,1,0,0,1
37,0.44,0.28,0.38,0.32,0,1,0,0,0,0,0,0
38,0.29,0.43,0.99,0.96,0,12,0,0,1,1,0,1
39,0.58,0.42,0.8,0.18,0,9,0,0,1,0,0,0
40,0.05,0.49,0.53,0.96,0,10,0,0,1,0,0,0
41,0.06,0.43,0.37,0.5,0,4,0,0,0,0,0,1
42,0.14,0.58,0.23,0.47,0,0,0,0,1,0,0,0
43,0.42,0.4,0.26,0.02,7,8,0,0,0,0,1,0
44,0.67,0.8,0.13,0.74,0,10,0,0,0,0,1,1
45,0.17,0.52,0.9,0.46,0,5,0,0,2,0,0,0
46,0.2,0.45,0.4,0.23,10,4,0,0,1,0,2,1
47,0.95,0.49,0.41,0.99,0,3,0,0,1,0,1,0
48,0.08,0.36,0.5,0.49,0,4,0,0,0,0,0,0
49,0.75,0.24,0.64,0.36,0,11,0,0,1,0,0,0
50,0.9,0.23,0.26,0.08,0,7,0,0,1,0,0,0
51,0.54,0.59,0.09,0.95,0,7,0,0,1,0,1,0
52,0.38,0.37,0.58,0.45,4,10,0,0,1,0,0,0
53,0.57,0.62,0.57,0.81,0,12,0,0,1,0,0,0
54,0.33,0.48,0.28,0.78,0,1,0,0,1,0,0,0
55,0.98,0.36,0.35,0.68,10,7,0,0,1,0,0,1
56,0.19,0.91,0.77,0.97,0,13,0,0,1,0,0,0
57,0.45,0.56,0.19,0.92,0,11,0,0,1,0,0,0
58,0.19,0.51,0.5,0.75,0,9,0,0,1,0,0,0
59,0.8,0.29,0.57,0.24,0,13,0,0,0,0,1,1
60,0.25,0.35,0.44,0.93,0,14,0,0,1,0,0,0
61,0.22,0.53,0.49,0.25,0,11,0,0,0,0,0,0
62,0.11,0.37,0.6,0.66,6,10,0,0,1,0,0,1
63,0.3,0.42,0.67,0.23,3,9,0,0,0,0,3,1
64,0.06,0.47,0.76,0.1,0,9,0,0,1,1,0,0
65,0.16,0.44,0.81,0.47,0,5,0,0,1,0,0,0
66,0.71,0.91,0.6,0.54,10,3,0,0,1,1,0,0
67,0.85,0.6,0.56,0.56,0,14,0,0,1,0,0,0
68,0.84,0.31,0.53,0.35,0,11,0,0,0,0,2,1
69,0.2,0.47,0.34,0.65,6,12,0,0,1,0,0,1
70,0.06,0.44,0.69,0.79,5,11,0,0,1,0,0,0
71,0.43,0.4,0.79,0.78,0,1,0,0,2,0,0,0
72,0.11,0.41,0.44,0.48,0,3,0,0,0,0,0,0
73,0.65,0.47,0.58,0.79,0,1,0,0,1,0,0,0
74,0.37,0.13,0.66,0.13,0,6,0,0,0,0,0,0
75,0.54,0.74,0.21,0.98,10,5,0,0,0,0,0,0
76,0.88,0.0,0.51,0.83,10,9,0,0,0,0,3,1
77,0.97,0.1,0.73,0.92,0,8,0,0,1,0,1,0
78,0.14,0.1,0.7,0.37,10,8,0,0,0,0,2,0
79,0.58,0.46,0.08,0.26,0,1,0,0,1,0,0,0
80,0.84,0.16,0.83,0.02,0,14,0,0,1,0,1,0
81,0.31,0.58,0.38,0.47,0,13,0,0,0,0,0,0
82,0.52,0.9,0.16,0.45,0,11,0,0,1,0,0,0
83,0.12,0.53,0.28,0.92,1,5,0,0,2,0,0,0
84,0.6,0.51,0.84,0.17,0,10,0,0,0,0,0,0
85,0.05,0.59,0.54,0.7,0,8,0,0,1,0,0,0
86,0.77,0.0,0.42,0.26,0,7,0,0,1,0,0,0
87,0.1,0.65,0.43,0.78,10,0,0,0,1,0,2,0
88,0.36,0.6,0.16,0.89,0,0,0,0,0,0,2,0
89,0.04,0.43,0.47,0.04,7,5,0,0,1,0,0,1
90,0.44,0.51,0.43,0.81,0,6,0,0,1,0,1,0
91,0.62,0.36,0.35,0.76,10,6,0,0,1,0,0,0
92,0.79,0.42,0.41,0.25,0,6,0,0,1,0,0,1
93,0.18,0.44,0.6,0.25,6,6,0,0,0,0,2,0
94,0.5,0.01,0.69,0.41,10,8,0,0,0,0,0,1
95,0.14,0.56,0.99,0.84,0,5,0,0,1,0,0,1
96,0.77,0.91,0.02,0.12,0,7,0,0,1,2,1,1
97,0.21,1.0,0.66,0.42,0,12,0,0,1,0,0,1
98,0.16,0.77,0.2,0.17,0,6,0,0,0,1,0,1
99,0.43,0.92,0.26,0.1,1,9,0,0,1,0,0,0
100,0.85,0.73,0.18,0.95,1,10,5,0,0,0,0,0
101,0.7,0.52,0.86,0.38,1,7,5,0,1,0,0,0
102,0.65,0.76,0.45,0.14,9,1,5,0,0,0,0,0
103,0.6,0.21,0.49,0.12,1,8,5,0,0,1,0,0
104,0.73,0.35,0.78,0.77,1,3,5,0,1,1,0,0
105,0.61,0.4,0.53,0.32,1,11,5,0,1,0,0,1
106,0.37,0.8,0.85,0.55,1,10,5,0,1,0,0,0
107,0.81,0.4,0.48,0.86,1,3,5,0,0,0,1,0
108,0.02,0.68,0.55,0.57,1,2,5,0,0,0,0,1
109,0.59,0.72,0.32,0.76,1,12,5,0,0,0,0,0
110,0.48,0.1,0.38,0.36,1,0,5,0,1,0,0,0
111,0.23,0.51,0.09,0.01,1,5,5,0,1,0,0,0
112,0.53,0.63,0.82,0.58,3,7,5,0,1,0,0,1
113,0.46,0.6,0.49,0.01,1,7,5,0,2,1,1,0
114,0.92,0.44,0.81,0.48,1,2,5,0,0,0,0,0
115,0.06,0.64,0.53,0.55,1,10,5,0,1,0,0,0
116,0.69,0.94,0.3,0.44,1,8,5,0,1,0,0,1
117,0.69,0.39,0.8,0.61,1,4,5,0,0,0,1,0
118,0.71,0.03,0.45,0.63,9,6,5,0,1,0,0,1
119,0.49,0.8,0.26,0.04,1,5,5,0,1,0,0,0
120,0.98,0.37,0.43,0.17,8,0,5,0,1,0,0,0
121,0.31,0.73,0.37,0.86,4,12,5,0,1,0,0,0
122,0.69,0.51,0.3,0.55,1,10,5,0,1,2,0,0
123,0.47,0.1,0.53,0.1,10,8,5,0,1,0,0,0
124,0.58,0.99,0.3,0.48,1,12,5,0,1,0,0,0
125,0.24,0.61,0.98,0.33,1,6,5,0,1,1,0,1
126,0.24,0.55,0.39,0.18,1,10,5,0,1,0,0,0
127,0.71,0.02,0.54,0.47,1,7,5,0,2,0,0,1
128,0.01,0.34,0.55,0.89,9,10,5,0,0,0,0,0
129,0.98,0.12,0.48,0.72,1,4,5,0,0,0,0,0
130,0.52,0.96,0.5,0.49,1,7,5,0,1,0,0,0
131,0.54,0.04,0.19,0.18,1,13,5,0,1,0,0,1
132,0.56,0.63,0.22,0.89,1,7,5,0,1,0,0,0
133,0.59,0.06,0.46,0.63,1,10,5,0,2,0,0,0
134,0.8,0.31,0.7,0.32,1,5,5,0,1,0,0,0
135,0.73,0.68,0.47,0.25,8,6,5,0,1,0,0,0
136,0.41,0.66,0.18,0.87,7,5,5,0,1,1,0,0
137,0.05,0.15,0.41,0.41,1,6,5,0,2,0,1,1
138,0.12,0.51,0.5,0.98,1,7,5,0,1,0,0,1
139,0.61,0.31,0.5,0.94,1,8,5,0,1,1,1,0
140,0.82,0.6,0.07,0.02,1,13,5,0,2,0,1,0
141,0.43,0.52,0.04,0.05,1,10,5,0,0,0,0,0
142,0.68,0.15,0.98,0.5,1,13,5,0,0,0,0,0
143,0.85,0.01,0.52,0.2,1,11,5,0,1,1,0,0
144,0.76,0.05,0.58,0.13,1,2,5,0,1,0,0,0
145,0.92,0.52,0.02,0.41,1,2,5,0,0,0,0,0
146,0.65,0.6,0.14,0.22,1,10,5,0,1,2,0,0
147,0.2,0.79,0.4,0.86,3,13,5,0,1,0,0,0
148,0.1,0.96,0.55,0.77,1,12,5,0,1,0,0,0
149,0.2,0.36,0.07,0.73,1,7,5,0,0,0,0,0
150,0.33,0.71,0.44,0.44,9,2,5,0,1,0,1,0
151,0.6,0.28,0.02,0.42,1,4,5,0,0,0,0,1
152,0.07,0.67,0.13,0.32,4,12,5,0,1,0,0,1
153,0.77,0.7,0.58,0.89,1,3,5,0,2,0,0,0
154,0.68,0.82,0.45,0.49,1,11,5,0,0,0,1,0
155,0.53,0.96,0.27,0.64,1,12,5,0,1,0,0,1
156,0.61,0.22,0.69,0.71,1,11,5,0,1,0,0,0
157,0.71,0.54,0.79,0.95,1,1,5,0,1,0,0,1
158,0.15,0.73,0.42,0.43,4,12,5,0,1,0,0,0
159,0.49,0.38,0.24,0.3,10,8,5,0,2,0,0,0
160,0.25,0.71,0.94,0.02,1,10,5,0,0,0,0,0
161,0.13,0.9,0.5,0.36,1,7,5,0,1,0,0,0
162,0.06,0.52,0.75,0.54,1,12,5,0,1,0,0,0
163,0.63,0.56,0.73,0.67,9,10,5,0,0,0,2,0
164,0.22,0.61,0.88,0.36,1,10,5,0,0,2,0,0
165,0.13,0.94,0.56,0.31,1,11,5,0,0,0,1,0
166,0.09,0.71,0.45,0.89,1,8,5,0,1,0,0,0
167,0.72,0.2,0.58,0.36,9,10,5,0,1,1,1,0
168,0.41,0.81,0.38,0.94,1,11,5,0,1,0,0,0
169,0.65,0.93,0.68,0.0,1,12,5,0,1,0,0,0
170,0.87,0.12,0.79,0.99,1,10,5,0,1,0,1,0
171,0.68,0.31,0.06,0.55,1,3,5,0,1,0,0,0
172,0.39,0.71,0.58,0.3,10,2,5,0,0,0,1,0
173,0.31,0.41,0.4,0.01,1,7,5,0,1,0,1,0
174,0.25,0.75,0.1,0.46,1,13,5,0,1,0,0,0
175,0.15,0.95,0.08,0.38,1,3,5,0,1,0,0,0
176,0.3,0.14,0.12,0.9,1,10,5,0,1,0,0,0
177,0.69,0.54,0.61,0.99,10,0,5,0,1,0,0,1
178,0.15,0.6,0.49,0.29,1,13,5,0,1,0,0,0
179,0.79,0.92,0.26,1.0,1,10,5,0,1,0,0,0
180,0.12,0.84,0.54,0.88,1,10,5,0,2,1,0,0
181,0.77,0.88,0.05,0.42,1,12,5,0,1,0,0,0
182,0.58,0.46,0.56,0.42,4,7,5,0,1,0,2,0
183,0.09,0.38,0.47,0.7,1,4,5,0,0,0,0,0
184,0.58,0.49,0.58,0.34,1,13,5,0,0,0,0,0
185,0.91,0.1,0.5,0.05,1,7,5,0,2,0,1,1
186,0.31,0.97,0.96,0.69,1,10,5,0,1,0,1,0
187,0.46,0.58,0.66,0.96,1,1,5,0,1,0,0,0
188,0.84,0.73,0.11,0.11,3,10,5,0,1,0,0,0
189,0.29,0.6,0.16,0.0,1,5,5,0,1,0,0,1
190,0.32,0.91,0.64,0.61,8,14,5,0,1,2,1,0
191,0.5,0.69,0.61,0.5,2,11,5,0,1,0,0,0
192,0.67,0.3,0.53,0.89,1,7,5,0,0,0,1,0
193,0.47,0.79,0.21,0.83,1,1,5,0,1,0,0,0
194,0.68,0.54,0.25,0.29,1,7,5,0,1,2,0,1
195,0.2,0.42,0.99,0.37,1,10,5,0,1,2,0,0
196,0.75,0.28,0.83,0.32,1,5,5,0,2,0,0,0
197,0.74,0.93,0.51,0.47,1,8,5,0,2,0,0,0
198,0.83,0.31,0.87,0.02,1,10,5,0,0,2,1,0
199,0.27,0.33,0.38,0.97,1,1,5,0,1,0,0,0
200,0.51,0.71,0.37,0.89,10,1,1,0,1,1,1,1
201,0.25,0.27,0.66,0.49,2,6,1,0,1,1,1,0
202,0.44,0.78,0.88,0.3,2,11,1,0,1,1,1,0
203,0.6,0.09,0.39,0.53,2,2,1,0,2,1,1,0
204,0.81,0.62,0.02,0.66,2,10,1,0,1,1,1,0
205,0.44,0.96,0.56,0.25,8,6,1,0,0,1,2,0
206,0.44,0.04,0.44,0.79,10,8,1,0,0,1,1,0
207,0.03,0.61,0.3,0.14,2,14,1,0,0,1,0,0
208,0.98,0.57,0.9,0.3,6,8,1,0,1,1,1,0
209,0.74,0.5,0.36,0.81,2,10,1,0,1,1,1,0
210,0.43,0.52,0.79,0.76,3,13,1,0,0,1,0,0
211,0.76,0.15,0.46,0.32,2,10,1,0,1,2,1,0
212,0.27,0.47,0.85,0.06,10,2,1,0,2,1,1,0
213,0.02,0.8,0.41,0.5,2,4,1,0,1,1,1,0
214,0.25,0.58,0.1,0.73,2,1,1,0,2,1,1,0
215,0.09,0.14,0.37,0.83,10,6,1,0,2,1,1,0
216,0.88,0.62,0.49,0.54,2,14,1,0,0,1,1,0
217,0.68,0.56,0.03,0.36,2,10,1,0,1,1,1,0
218,0.79,0.64,0.47,0.24,2,11,1,0,2,1,2,0
219,0.58,0.41,0.48,0.74,2,13,1,0,0,1,1,1
220,0.53,0.61,0.28,0.63,2,7,1,0,0,1,1,1
221,0.46,0.62,0.81,0.35,4,6,1,0,1,1,1,1
222,0.93,0.61,0.67,0.84,2,11,1,0,0,1,1,0
223,0.74,0.58,0.92,0.26,2,2,1,0,0,1,1,0
224,0.54,0.51,0.4,0.88,2,10,1,0,1,1,1,0
225,0.18,0.6,0.75,0.25,2,12,1,0,2,1,0,0
226,0.32,0.55,0.51,0.32,2,11,1,0,1,1,1,1
227,0.6,0.52,0.67,0.15,6,12,1,0,1,1,0,1
228,0.91,0.6,0.53,0.04,2,10,1,0,0,1,1,0
229,0.57,0.58,0.52,0.6,2,10,1,0,1,1,1,0
230,0.93,0.47,0.8,0.09,2,5,1,0,1,1,1,0
231,0.52,0.85,0.17,0.29,2,8,1,0,1,1,1,1
232,0.84,0.4,0.52,0.73,2,5,1,0,1,1,1,0
233,0.29,0.93,0.48,0.44,2,14,1,0,1,1,1,1
234,0.73,0.36,0.99,0.1,2,10,1,0,1,1,1,0
235,0.1,0.09,0.68,0.68,3,2,1,0,1,1,1,0
236,0.97,0.69,0.48,0.48,2,14,1,0,1,1,1,0
237,0.51,0.69,0.37,0.66,2,11,1,0,1,1,1,0
238,0.41,0.81,0.29,0.63,2,13,1,0,1,1,1,0
239,0.65,0.61,0.17,0.46,2,12,1,0,0,1,1,1
240,0.4,0.76,0.62,0.04,2,6,1,0,1,1,1,0
241,0.11,0.18,0.74,0.98,2,10,1,0,0,1,1,1
242,0.06,0.7,0.68,0.3,2,0,1,0,1,1,1,0
243,0.97,0.05,0.56,0.48,2,7,1,0,1,1,1,0
244,0.97,0.57,0.31,0.73,10,0,1,0,1,1,1,0
245,0.68,0.88,0.38,0.42,2,0,1,0,1,1,1,0
246,0.49,0.93,0.36,0.49,2,13,1,0,1,1,1,0
247,0.54,0.78,0.36,0.44,2,9,1,0,1,1,1,1
248,0.1,0.19,0.16,0.55,2,2,1,0,0,1,1,1
249,0.67,0.97,0.82,0.59,2,12,1,0,1,1,1,0
250,0.02,0.7,0.24,0.72,2,9,1,0,2,2,1,0
251,0.28,0.05,0.73,0.52,2,1,1,0,0,1,1,0
252,0.59,0.21,0.42,0.1,10,0,1,0,1,1,1,0
253,0.47,0.57,0.32,0.44,2,7,1,0,1,1,1,0
254,0.97,0.44,0.98,0.96,2,14,1,0,0,1,1,0
255,0.62,0.01,0.53,0.13,10,14,1,0,2,1,1,0
256,0.49,0.13,0.5,0.81,2,6,1,0,0,1,1,0
257,0.01,0.85,0.8,0.6,10,7,1,0,1,1,1,0
258,0.34,0.78,0.92,0.51,3,13,1,0,0,1,1,1
259,0.85,0.72,0.04,0.48,2,5,1,0,0,1,1,0
260,0.64,0.02,0.2,0.26,2,2,1,0,1,1,1,0
261,0.63,0.96,0.61,0.49,10,12,1,0,1,1,1,0
262,0.56,0.93,0.74,0.39,2,12,1,0,1,1,1,0
263,0.3,0.59,0.54,0.53,2,8,1,0,0,1,1,0
264,0.76,0.88,0.02,0.02,2,1,1,0,0,1,1,1
265,0.62,0.79,0.45,0.6,2,8,1,0,1,1,1,0
266,0.6,0.35,0.08,0.68,2,9,1,0,1,1,1,0
267,0.52,0.54,0.39,0.48,3,7,1,0,2,1,1,0
268,0.51,0.63,0.81,0.48,2,9,1,0,2,1,1,1
269,0.38,0.37,0.42,0.93,2,4,1,0,0,1,1,0
270,0.35,0.09,0.65,0.63,2,7,1,0,1,1,1,1
271,0.12,0.29,0.97,0.43,9,1,1,0,1,1,1,1
272,0.35,0.82,0.09,0.32,2,0,1,0,0,0,1,0
273,0.19,0.57,0.74,0.97,10,8,1,0,2,1,2,0
274,0.42,0.33,0.86,0.3,10,8,1,0,0,1,1,0
275,0.98,0.48,0.06,0.36,2,10,1,0,2,1,1,0
276,0.41,0.61,0.49,0.42,2,7,1,0,1,1,1,0
277,0.35,0.5,0.03,0.67,11,0,1,0,1,1,1,0
278,0.39,0.73,0.21,0.43,2,1,1,0,1,1,1,0
279,0.36,0.13,0.75,0.24,2,1,1,0,0,0,1,0
280,0.78,0.81,0.74,0.14,10,3,1,0,1,1,2,0
281,0.63,0.58,0.36,0.09,2,10,1,0,2,1,1,0
282,0.8,0.51,0.39,0.92,2,3,1,0,0,1,1,1
283,0.06,0.3,0.47,0.39,2,13,1,0,0,1,1,0
284,0.51,0.46,0.58,0.73,10,11,1,0,0,1,1,1
285,0.44,0.18,0.5,0.33,2,10,1,0,0,1,1,0
286,0.08,0.53,0.38,0.94,2,1,1,0,1,1,1,1
287,0.52,0.9,0.43,0.49,2,1,1,0,0,1,0,0
288,0.54,0.76,0.05,0.51,10,12,1,0,1,2,1,0
289,0.23,0.58,0.62,0.51,2,8,1,0,1,1,1,1
290,0.86,0.03,0.48,0.23,2,7,1,0,1,1,1,0
291,0.93,0.47,0.19,0.47,2,5,1,0,1,1,1,0
292,0.93,0.6,0.53,0.36,2,7,1,0,1,1,1,0
293,0.09,0.4,0.48,0.83,2,12,1,0,0,1,1,1
294,0.78,0.54,0.73,0.95,2,10,1,0,0,2,1,0
295,0.5,0.33,0.39,0.73,2,12,1,0,1,1,1,0
296,0.95,0.99,0.99,0.56,2,12,1,0,1,2,1,0
297,0.4,0.73,0.68,0.59,7,6,1,0,0,1,1,1
298,0.11,0.35,0.42,0.79,2,9,1,0,1,1,1,1
299,0.85,0.66,0.56,0.13,2,2,1,0,0,1,1,0
300,0.53,0.64,0.5,0.58,3,10,6,0,1,0,1,0
301,0.83,0.43,0.55,0.34,3,2,6,0,1,0,1,0
302,0.49,0.55,0.86,1.0,7,10,6,0,1,0,1,0
303,0.88,0.48,0.54,0.78,3,11,6,0,0,0,1,0
304,0.47,0.74,0.31,0.54,3,6,6,0,0,0,1,0
305,0.61,0.2,0.39,0.89,3,6,6,0,1,0,1,1
306,0.02,0.55,0.56,0.1,3,12,6,0,0,1,1,0
307,0.25,0.72,0.5,0.39,8,10,6,0,1,0,1,0
308,0.73,0.66,0.57,0.23,10,11,6,0,0,0,1,0
309,0.6,0.69,0.51,0.39,3,10,6,0,1,0,1,0
310,0.44,0.81,0.16,0.56,3,9,6,0,1,0,1,0
311,0.58,0.94,0.53,0.41,3,10,6,0,1,0,1,0
312,0.26,0.59,0.07,0.49,3,0,6,0,1,0,0,0
313,0.5,0.17,0.57,0.21,3,13,6,0,1,0,1,1
314,0.96,0.64,0.47,0.62,3,9,6,0,1,0,1,0
315,0.57,0.11,0.97,0.74,3,9,6,0,0,0,1,0
316,0.55,0.95,0.76,0.47,5,11,6,0,1,0,1,0
317,0.67,0.68,0.39,0.23,3,6,6,0,1,0,1,1
318,0.42,0.55,0.3,0.92,3,11,6,0,2,0,1,0
319,0.03,0.8,0.49,0.72,9,8,6,0,0,0,1,1
320,0.7,0.21,0.23,0.28,3,3,6,0,0,0,1,1
321,0.54,0.48,0.16,0.21,4,13,6,0,0,0,1,0
322,0.57,0.25,0.15,0.18,3,10,6,0,1,0,0,0
323,0.16,0.89,0.13,0.25,3,1,6,0,1,0,1,0
324,0.56,0.6,0.11,0.36,3,12,6,0,1,0,1,0
325,0.24,0.87,0.33,0.23,3,9,6,0,0,0,1,0
326,0.18,0.07,0.5,0.93,3,10,6,0,1,1,1,0
327,0.4,0.43,0.53,0.35,3,11,6,0,1,0,1,0
328,0.9,0.79,0.67,0.44,3,1,6,0,1,0,1,0
329,0.25,0.29,0.8,0.21,11,13,6,0,1,0,1,0
330,0.97,0.69,0.68,0.16,3,12,6,0,1,0,1,0
331,0.21,0.81,0.95,0.45,3,8,6,0,1,0,1,0
332,0.7,0.62,0.38,0.32,3,6,6,0,1,0,1,0
333,0.11,0.31,0.59,0.15,3,14,6,0,1,2,1,1
334,0.67,0.67,0.47,0.21,4,8,6,0,0,0,1,1
335,0.74,0.38,0.05,0.35,3,0,6,0,0,0,1,0
336,0.1,0.48,0.15,0.89,10,5,6,0,1,0,1,1
337,0.7,0.26,0.4,0.44,3,4,6,0,1,0,1,0
338,0.7,0.56,0.18,0.66,10,14,6,0,2,0,1,0
339,0.68,0.53,0.96,0.36,3,6,6,0,1,0,1,0
340,0.4,0.03,0.89,0.32,3,0,6,0,1,0,1,0
341,0.71,0.44,0.5,0.87,3,8,6,0,1,0,1,0
342,0.87,0.99,0.04,0.68,10,8,6,0,1,0,1,0
343,0.69,0.43,0.45,0.41,3,4,6,0,1,0,1,0
344,0.28,0.45,0.69,0.08,3,0,6,0,2,0,1,0
345,0.12,0.68,0.45,0.66,3,4,6,0,0,0,1,0
346,0.45,0.61,0.52,0.04,4,8,6,0,2,0,1,1
347,0.94,0.03,0.46,0.97,3,3,6,0,0,0,1,0
348,0.63,0.23,0.44,0.33,9,1,6,0,1,0,1,1
349,0.98,0.7,0.54,0.56,5,10,6,0,0,0,1,0
350,0.75,0.83,0.46,0.17,3,3,6,0,1,0,1,0
351,0.62,0.56,0.39,0.98,5,14,6,0,1,0,1,0
352,0.06,0.9,0.41,0.35,9,2,6,0,1,0,1,0
353,0.63,0.98,0.57,0.5,9,13,6,0,1,0,1,0
354,0.6,0.4,0.31,0.42,3,10,6,0,1,0,1,0
355,0.88,0.63,0.48,0.49,3,7,6,0,1,2,1,1
356,0.5,0.25,0.41,0.29,3,1,6,0,1,1,1,0
357,0.64,0.73,0.87,0.16,3,2,6,0,0,0,1,0
358,0.34,0.61,0.77,0.89,3,0,6,0,0,0,1,0
359,0.65,0.66,0.74,0.72,3,6,6,0,1,0,1,0
360,0.45,0.6,0.79,0.68,3,7,6,7,0,0,1,0
361,0.45,0.3,0.53,0.43,3,8,6,7,0,0,1,0
362,0.27,0.14,0.28,0.8,10,0,6,7,1,0,1,0
363,0.31,0.44,0.53,0.82,3,6,6,7,1,0,1,0
364,0.31,0.16,0.52,0.39,3,6,6,7,1,0,1,0
365,0.71,0.83,0.59,0.63,10,0,6,7,1,0,1,0
366,0.73,0.63,0.9,0.1,3,14,6,7,2,2,1,0
367,0.92,0.93,0.33,0.34,7,0,6,7,1,1,0,0
368,0.54,0.49,0.08,0.39,7,7,6,7,1,0,0,0
369,0.26,0.56,0.59,0.77,3,11,6,7,0,0,1,1
370,0.5,0.44,0.82,0.45,10,13,6,7,0,2,1,0
371,0.04,0.49,0.15,0.61,3,3,6,7,0,0,1,0
372,0.9,0.18,0.8,0.4,3,10,6,7,1,0,1,1
373,0.62,0.19,0.16,0.61,3,10,6,7,1,0,1,0
374,0.12,0.74,0.37,0.0,8,2,6,7,1,0,1,0
375,0.12,0.25,0.95,0.13,3,10,6,7,1,0,1,1
376,0.21,0.46,0.33,0.72,3,3,6,7,1,0,0,0
377,0.1,0.68,0.57,0.37,3,13,6,7,1,0,1,0
378,0.65,0.73,0.56,0.38,3,13,6,7,1,0,1,1
379,0.55,0.78,0.6,0.4,3,8,6,7,1,0,1,0
380,0.11,0.78,0.46,0.92,3,8,6,7,0,0,1,0
381,0.56,0.24,0.56,0.81,3,13,6,7,1,0,1,0
382,0.98,0.24,0.43,0.62,3,0,6,7,1,0,1,0
383,0.47,0.36,0.62,0.07,10,13,6,7,1,0,1,0
384,0.34,0.14,0.24,0.35,3,10,6,7,0,0,1,0
385,0.67,0.4,0.43,0.9,7,8,6,7,1,1,1,0
386,0.32,0.78,0.93,0.41,3,10,6,7,1,0,1,1
387,0.91,0.21,0.46,0.23,10,9,6,7,0,0,1,0
388,0.89,0.99,0.05,0.19,3,10,6,7,1,0,1,0
389,0.59,0.85,0.84,0.86,3,10,6,7,0,0,1,0
390,0.38,0.28,0.4,0.52,3,6,6,7,1,0,1,0
391,0.55,0.63,0.24,0.72,7,0,6,7,1,1,1,1
392,0.29,0.07,0.56,0.6,3,13,6,7,1,0,1,0
393,0.85,0.76,0.74,0.8,3,9,6,7,1,0,1,1
394,0.79,0.55,0.93,0.31,3,7,6,7,1,0,1,0
395,0.32,0.07,0.35,0.5,6,2,6,7,1,0,1,0
396,0.1,0.46,0.69,0.55,3,6,6,7,1,0,1,0
397,0.45,0.51,0.23,0.07,3,13,6,7,1,0,1,0
398,0.69,0.89,0.29,0.44,3,4,6,7,1,0,0,0
399,0.8,0.52,0.78,0.91,3,11,6,7,1,0,1,0
400,0.8,0.35,0.95,0.13,4,4,2,7,0,0,1,0
401,0.31,0.91,0.49,0.71,10,5,2,7,0,0,0,1
402,0.26,0.36,0.55,0.85,4,5,2,7,1,0,0,1
403,0.53,0.31,0.33,0.94,4,1,2,7,1,1,0,0
404,0.8,0.11,0.71,0.56,4,10,2,7,0,0,1,0
405,0.23,0.73,0.22,0.69,4,7,2,7,1,2,1,0
406,0.49,0.54,0.37,0.73,4,2,2,7,0,0,1,0
407,0.61,0.05,0.62,0.3,4,5,2,7,1,2,0,1
408,0.4,0.81,0.26,0.56,6,5,2,7,2,0,1,0
409,0.77,0.16,0.49,0.16,4,9,2,7,2,0,0,0
410,0.39,0.44,0.69,0.74,4,7,2,7,1,0,0,0
411,0.78,0.29,0.18,0.69,4,12,2,7,1,0,0,0
412,0.37,0.46,0.59,0.56,4,6,2,7,0,0,0,0
413,0.48,0.29,0.44,0.06,8,1,2,7,1,0,1,0
414,0.29,0.44,0.91,0.37,4,9,2,7,1,0,0,0
415,0.5,0.17,0.65,0.49,4,14,2,7,1,0,0,0
416,0.38,0.24,0.61,0.27,7,3,2,7,2,0,0,0
417,0.41,0.84,0.73,0.23,10,7,2,7,0,0,1,0
418,0.54,0.4,0.45,0.39,10,12,2,7,0,0,0,0
419,0.65,0.92,0.43,0.84,4,11,2,7,0,0,1,1
420,0.92,0.12,0.14,0.87,4,11,2,7,1,0,0,0
421,0.14,0.38,0.86,0.37,4,1,2,7,1,0,0,1
422,0.55,0.28,0.46,0.53,4,11,2,7,1,0,0,1
423,0.28,0.85,0.16,0.55,10,11,2,7,0,0,0,0
424,0.95,0.45,0.71,0.56,10,9,2,7,0,2,0,1
425,0.49,0.14,0.45,0.53,10,10,2,7,0,0,2,0
426,0.39,0.16,0.36,0.92,4,13,2,7,1,0,0,1
427,0.76,0.64,0.37,0.24,4,7,2,7,1,0,0,1
428,0.89,0.15,0.61,0.66,10,12,2,7,1,0,0,0
429,0.77,0.42,0.36,0.04,4,3,2,7,1,0,0,0
430,0.45,0.71,0.45,0.37,9,6,2,7,1,0,1,0
431,0.68,0.36,0.05,0.23,10,0,2,7,0,0,2,0
432,0.48,0.43,0.21,0.26,4,10,2,7,1,2,0,0
433,0.16,0.23,0.37,0.44,4,4,2,7,1,0,0,0
434,0.82,0.47,0.31,0.19,4,0,2,7,0,0,0,0
435,0.0,0.09,0.61,0.73,4,14,2,7,1,0,0,0
436,0.55,0.15,0.06,0.43,10,9,2,7,1,0,0,0
437,0.76,0.01,0.38,0.22,11,9,2,7,1,2,0,0
438,0.08,0.91,0.78,0.09,4,0,2,7,1,0,2,0
439,0.39,0.35,0.71,0.77,4,11,2,7,1,0,0,1
440,0.66,0.48,0.43,0.5,4,13,2,7,1,0,0,0
441,0.56,0.02,0.03,0.97,10,14,2,7,1,2,0,0
442,0.08,0.77,0.38,0.45,4,8,2,7,0,0,0,1
443,0.16,0.1,0.01,0.89,10,3,2,7,1,0,0,0
444,0.53,0.49,0.48,0.36,4,12,2,7,0,0,0,0
445,0.54,0.4,0.6,0.88,4,8,2,7,0,1,0,0
446,0.17,0.01,0.49,0.51,4,8,2,7,1,0,0,0
447,0.87,0.88,0.64,0.52,4,7,2,7,2,0,0,1
448,0.72,0.44,0.74,0.29,4,2,2,7,0,0,0,0
449,0.64,0.92,0.45,0.41,4,11,2,7,0,0,0,1
450,0.42,0.23,0.28,0.46,4,9,2,7,1,0,0,1
451,0.84,0.14,0.66,0.27,10,7,2,7,0,0,1,0
452,0.6,0.93,0.44,0.66,10,13,2,7,1,0,0,0
453,0.74,0.86,0.49,0.72,4,11,2,7,0,0,1,1
454,0.64,0.22,0.23,0.61,7,6,2,7,2,1,1,0
455,0.6,0.48,0.85,0.4,4,5,2,7,1,0,0,0
456,0.78,0.57,0.49,0.89,4,7,2,7,0,0,0,0
457,0.15,0.9,0.23,0.76,4,2,2,7,1,0,0,0
458,0.86,0.44,0.48,0.85,4,8,2,7,0,0,0,0
459,0.27,0.15,0.05,0.28,4,14,2,7,1,0,1,0
460,0.77,0.04,0.32,0.57,9,2,2,7,0,0,0,1
461,0.49,0.28,0.36,0.6,8,5,2,7,1,0,0,0
462,0.77,0.47,0.37,0.87,4,0,2,7,2,0,1,0
463,0.06,0.47,0.44,0.92,11,11,2,7,1,0,1,0
464,0.6,0.27,0.18,0.77,4,10,2,7,0,0,0,0
465,0.41,0.03,0.33,0.72,10,6,2,7,0,0,1,0
466,0.6,0.77,0.29,0.63,10,7,2,7,1,0,0,0
467,0.85,0.38,0.38,0.76,4,8,2,7,0,0,0,0
468,0.61,0.93,0.91,0.3,9,2,2,7,1,0,0,0
469,0.75,0.57,0.38,0.6,4,7,2,7,2,0,0,0
470,0.47,0.17,0.47,0.21,4,11,2,7,1,0,0,0
471,0.59,0.46,0.12,0.75,4,11,2,7,1,2,0,1
472,0.51,0.43,0.55,0.49,4,3,2,7,1,0,0,0
473,0.09,0.55,0.68,0.63,4,0,2,7,1,0,1,0
474,0.33,0.06,0.2,0.44,10,12,2,7,1,0,0,0
475,0.16,0.44,0.89,0.99,10,4,2,7,2,0,0,0
476,0.62,0.5,0.62,0.77,4,12,2,7,0,0,0,0
477,0.45,0.78,0.86,0.47,4,5,2,7,1,0,0,0
478,0.62,0.45,0.55,0.91,4,3,2,7,1,0,0,0
479,0.17,0.85,0.81,0.57,9,2,2,7,1,0,0,0
480,0.9,0.46,0.6,0.97,8,8,2,7,0,0,0,0
481,0.54,0.49,0.4,0.77,11,12,2,7,1,0,0,0
482,0.18,0.65,0.11,0.86,10,7,2,7,0,2,1,0
483,0.66,0.36,0.89,0.63,10,7,2,7,1,0,0,0
484,0.93,0.93,0.64,0.46,9,8,2,7,1,0,0,0
485,0.55,0.61,0.97,0.62,6,8,2,7,1,0,1,0
486,0.14,0.1,0.47,0.67,4,14,2,7,0,0,0,0
487,0.65,0.73,0.48,0.79,4,14,2,7,0,0,1,0
488,0.32,0.71,0.06,0.96,4,1,2,7,1,0,0,0
489,0.66,0.18,0.77,0.47,4,8,2,7,1,0,0,1
490,0.06,0.27,0.82,0.21,4,14,2,7,0,2,1,0
491,0.45,0.56,0.23,0.42,4,2,2,7,0,0,1,0
492,0.65,0.11,0.44,0.53,4,13,2,7,0,0,0,0
493,0.22,0.44,0.2,0.09,10,4,2,7,2,0,0,0
494,0.69,0.77,0.96,0.91,8,7,2,7,0,0,0,0
495,0.68,0.12,0.43,0.75,4,11,2,7,0,0,0,0
496,0.77,0.03,0.42,0.0,4,8,2,7,1,0,0,0
497,0.84,0.77,0.62,0.06,4,12,2,7,1,0,1,1
498,0.72,0.43,0.33,0.14,4,9,2,7,1,0,0,0
499,0.99,0.09,0.41,0.32,10,13,2,7,0,1,0,0
500,0.21,0.12,0.58,0.49,10,3,5,7,0,2,0,0
501,0.38,0.71,0.55,0.71,5,13,5,7,0,2,0,0
502,0.06,0.36,0.17,0.44,5,5,5,7,1,2,0,0
503,0.27,0.91,0.44,0.5,5,7,5,7,2,2,0,0
504,0.43,0.82,0.38,0.3,5,1,5,7,2,2,0,1
505,0.78,0.28,0.8,0.19,5,9,5,7,0,2,0,0
506,0.79,0.27,0.65,0.24,5,13,5,7,1,2,0,0
507,0.55,0.72,0.17,0.73,5,7,5,7,1,2,0,0
508,0.82,0.33,0.01,0.5,5,6,5,7,1,2,0,0
509,0.57,0.47,0.37,0.65,5,5,5,7,0,2,0,0
510,0.14,0.82,0.74,0.04,5,7,5,7,0,2,0,1
511,0.79,0.82,0.22,0.96,5,4,5,7,0,2,0,0
512,0.48,0.55,0.49,0.48,5,0,5,7,0,2,0,0
513,0.26,0.44,0.45,0.48,5,8,5,7,0,2,0,0
514,0.38,0.36,0.66,0.75,11,13,5,7,1,0,0,1
515,0.6,0.78,0.3,0.78,10,9,5,7,1,2,0,1
516,0.63,0.14,0.17,0.34,7,8,5,7,0,2,0,0
517,0.65,0.91,0.84,0.1,5,9,5,7,2,2,1,1
518,0.05,0.38,0.94,0.91,5,10,5,7,1,2,0,1
519,0.52,0.0,0.47,0.98,5,14,5,7,1,2,0,0
520,0.21,0.88,0.5,0.3,5,10,5,7,1,2,0,0
521,0.54,0.51,0.31,0.3,5,14,5,7,1,2,1,0
522,0.03,0.41,0.98,0.51,10,0,5,7,1,2,0,0
523,0.62,0.99,0.4,0.89,5,8,5,7,1,2,0,0
524,0.2,0.41,0.43,0.85,5,9,5,7,0,2,0,0
525,0.45,0.78,0.7,0.26,5,9,5,7,1,2,0,1
526,0.31,0.75,0.38,0.4,10,0,5,7,0,2,1,0
527,0.99,0.62,0.53,0.84,11,14,5,7,1,2,0,0
528,0.15,0.09,0.52,0.28,5,9,5,7,0,2,1,0
529,0.09,0.76,0.31,0.64,5,4,5,7,1,2,0,0
530,0.17,0.27,0.7,0.52,5,4,5,7,0,2,0,0
531,0.27,0.16,0.57,0.24,5,9,5,7,2,2,0,0
532,0.5,0.14,0.33,0.84,5,7,5,7,1,2,0,0
533,0.68,0.13,0.18,0.57,5,4,5,7,2,2,0,0
534,0.98,0.39,0.47,0.69,5,11,5,7,0,2,0,0
535,0.87,0.48,0.81,0.75,11,11,5,7,2,2,0,0
536,0.72,0.83,0.04,0.49,5,8,5,7,2,2,0,0
537,0.82,0.24,0.38,0.4,5,6,5,7,1,2,0,0
538,0.37,0.21,0.47,0.39,5,8,5,7,1,2,0,1
539,0.6,0.42,0.5,0.11,5,3,5,7,1,2,0,0
540,0.09,0.42,0.3,0.6,5,8,5,7,1,2,0,0
541,0.01,0.17,0.19,0.37,5,8,5,7,1,2,0,1
542,0.07,0.51,0.6,0.02,5,1,5,7,1,1,0,0
543,0.32,0.48,0.52,0.17,5,7,5,7,2,2,0,1
544,0.16,0.51,0.12,0.72,5,3,5,7,1,2,1,1
545,0.36,0.81,0.31,0.41,9,2,5,7,1,2,0,0
546,0.02,0.34,0.23,0.4,5,13,5,7,1,2,0,0
547,0.7,0.75,0.18,0.02,10,11,5,7,0,2,1,0
548,0.59,0.13,0.37,0.7,5,2,5,7,1,2,0,1
549,0.17,0.6,0.3,0.34,5,4,5,7,2,1,0,0
550,0.23,0.14,0.3,0.8,10,4,5,7,0,2,0,0
551,1.0,0.46,0.29,0.24,5,1,5,7,1,2,1,0
552,0.02,0.9,0.38,0.18,5,4,5,7,1,2,0,0
553,0.7,0.42,0.49,0.73,5,8,5,7,0,2,0,1
554,0.6,0.09,0.32,0.07,5,3,5,7,0,1,0,1
555,0.8,0.31,0.48,0.36,5,10,5,7,1,2,1,0
556,0.85,0.24,0.39,0.51,11,11,5,7,1,2,0,0
557,0.57,0.41,0.3,0.14,5,1,5,7,0,2,0,0
558,0.56,0.58,0.32,0.11,8,3,5,7,0,2,0,1
559,0.25,0.62,0.39,0.78,5,10,5,7,1,2,1,0
560,0.7,0.87,0.19,0.8,5,4,5,7,0,2,0,0
561,0.56,0.17,0.54,0.72,5,11,5,7,1,2,1,1
562,0.29,0.53,0.61,0.76,5,3,5,7,0,2,1,0
563,0.85,0.73,0.31,0.04,5,11,5,7,1,2,0,1
564,0.36,0.17,0.45,0.82,10,9,5,7,1,2,0,0
565,0.15,0.41,0.31,0.83,5,10,5,7,0,2,0,0
566,0.75,0.69,0.03,0.38,5,4,5,7,0,2,1,1
567,0.0,0.78,0.39,0.27,5,8,5,7,0,2,0,1
568,0.69,0.24,0.4,0.91,5,13,5,7,0,2,0,0
569,0.02,0.25,0.47,0.81,5,2,5,7,1,2,0,0
570,0.95,0.26,0.56,0.99,5,12,5,7,0,2,1,1
571,0.55,0.98,1.0,0.64,10,0,5,7,1,2,0,1
572,0.48,0.64,0.27,0.36,5,0,5,7,0,2,0,0
573,0.03,0.59,0.08,0.83,10,9,5,7,0,2,0,1
574,0.67,0.17,0.66,0.27,5,14,5,7,0,2,0,1
575,0.56,0.2,0.33,0.28,7,8,5,7,0,1,0,0
576,0.62,0.19,0.01,0.85,10,12,5,7,1,2,1,0
577,0.55,0.37,0.06,0.54,5,2,5,7,1,2,0,0
578,0.72,0.89,0.96,1.0,5,12,5,7,2,2,0,0
579,0.09,0.59,0.84,0.38,5,8,5,7,0,2,0,1
580,0.94,0.91,0.48,0.46,5,11,5,7,0,2,0,1
581,0.55,0.92,0.97,0.31,5,0,5,7,2,2,0,0
582,0.41,0.39,0.36,0.08,5,5,5,7,1,2,0,1
583,0.71,0.42,0.48,0.03,5,11,5,7,0,2,0,0
584,0.44,0.52,0.73,0.48,5,10,5,7,0,2,1,0
585,0.77,0.14,0.38,0.09,5,11,5,7,0,2,0,0
586,0.49,0.68,0.25,0.82,8,5,5,7,2,1,0,0
587,0.13,0.9,0.47,0.04,5,9,5,7,0,2,0,0
588,0.5,0.14,0.33,0.84,5,7,5,7,1,2,0,0
589,0.22,0.3,0.36,0.22,8,0,5,7,2,2,0,1
590,0.54,0.05,0.45,0.44,7,9,5,7,1,2,0,0
591,0.55,0.11,0.36,0.82,5,4,5,7,0,2,0,0
592,0.55,0.27,0.04,0.23,5,1,5,7,1,1,1,0
593,0.17,0.8,0.85,0.39,10,8,5,7,0,2,1,0
594,0.67,0.12,0.31,0.9,5,3,5,7,1,1,0,0
595,0.08,0.36,0.85,0.08,5,11,5,7,0,2,1,1
596,0.48,0.39,0.3,0.67,9,3,5,7,0,2,0,0
597,0.17,0.95,0.98,0.78,5,8,5,7,1,2,1,0
598,0.79,0.5,0.13,0.61,11,2,5,7,0,2,0,0
599,0.86,0.16,0.35,0.8,10,5,5,7,2,2,0,0
600,0.13,0.12,0.11,0.65,6,9,3,7,1,0,2,1
601,0.99,0.27,0.4,0.3,6,4,3,7,0,0,2,0
602,0.11,0.13,0.76,0.81,6,5,3,7,0,0,2,1
603,0.36,0.8,0.3,0.13,6,11,3,7,0,2,1,1
604,0.46,0.61,0.78,0.65,6,4,3,7,0,0,2,0
605,0.23,0.89,0.21,0.08,6,4,3,7,1,0,2,1
606,0.05,0.34,0.45,0.92,10,10,3,7,1,0,1,0
607,0.48,0.43,0.55,0.57,6,6,3,7,0,0,2,0
608,0.85,0.29,0.01,0.77,6,3,3,7,1,0,1,1
609,0.73,0.64,0.04,0.59,10,9,3,7,1,2,1,0
610,0.81,0.63,0.05,0.98,6,0,3,7,0,1,1,0
611,0.63,0.69,0.46,0.95,6,9,3,7,2,0,1,0
612,0.03,0.82,0.38,0.0,6,8,3,7,1,0,1,1
613,0.31,0.3,0.01,0.37,6,5,3,7,0,0,2,0
614,0.43,0.25,0.42,0.15,6,2,3,7,1,0,2,0
615,0.32,0.83,0.4,0.61,6,3,3,7,1,0,2,0
616,0.49,0.1,0.45,0.85,6,7,3,7,0,0,1,0
617,0.94,0.12,0.39,0.2,6,2,3,7,1,1,2,0
618,0.5,0.47,0.48,0.38,6,13,3,7,2,0,2,0
619,0.22,0.79,0.48,0.05,6,8,3,7,1,0,1,0
620,0.9,0.34,0.34,0.84,6,2,3,7,1,0,2,1
621,0.63,0.52,0.22,0.16,12,10,3,7,1,0,2,0
622,0.42,0.15,0.56,0.7,6,0,3,7,1,0,2,0
623,0.24,0.28,0.73,0.65,6,3,3,7,0,0,2,1
624,0.77,0.89,0.32,0.58,6,8,3,7,1,0,2,1
625,0.92,0.14,0.79,0.5,6,11,3,7,1,0,2,1
626,0.54,0.94,0.72,0.54,6,0,3,7,0,0,2,0
627,0.69,0.12,0.85,0.47,6,8,3,7,1,0,0,0
628,0.61,0.53,0.87,0.87,6,13,3,7,1,0,0,0
629,0.67,0.75,0.42,0.59,6,12,3,7,1,0,2,0
630,0.11,0.54,0.41,0.88,9,13,3,7,1,0,0,0
631,0.48,0.51,0.01,0.48,6,1,3,7,1,0,2,1
632,0.46,0.2,0.42,0.6,6,2,3,7,1,0,2,0
633,0.32,0.01,0.37,0.87,6,2,3,7,0,0,2,0
634,0.53,0.61,0.62,0.86,6,5,3,7,0,0,2,0
635,0.29,0.58,0.44,0.9,6,6,3,7,0,0,2,0
636,0.52,0.82,0.56,0.19,10,9,3,7,0,2,1,1
637,0.91,0.33,0.28,0.5,6,9,3,7,1,0,2,0
638,0.08,0.75,0.17,0.75,6,13,3,7,1,0,2,0
639,0.96,0.47,0.5,0.31,6,10,3,7,1,0,1,0
640,0.04,0.5,0.43,0.79,9,4,3,7,1,1,2,0
641,0.75,0.34,0.41,0.81,8,3,3,7,1,0,2,1
642,0.61,0.52,0.48,0.65,6,8,3,7,0,2,2,0
643,0.41,0.08,0.51,0.17,10,10,3,7,0,0,2,1
644,0.02,0.03,0.84,0.12,10,9,3,7,1,0,1,0
645,0.94,0.74,0.53,0.84,6,9,3,7,1,0,1,0
646,0.8,0.85,0.39,0.72,6,5,3,7,0,0,2,1
647,0.64,0.23,0.4,0.18,9,3,3,7,1,0,2,0
648,0.89,0.4,0.35,0.35,6,4,3,7,0,0,2,0
649,0.73,0.52,0.52,0.23,6,13,3,7,1,0,2,0
650,0.55,0.97,0.02,0.13,6,3,3,7,1,0,2,0
651,0.3,0.71,0.44,0.81,6,4,3,7,2,0,2,0
652,0.88,0.66,0.63,0.41,10,10,3,7,0,0,2,1
653,0.61,0.28,0.4,0.36,6,0,3,7,1,0,2,0
654,0.46,0.58,0.54,0.04,6,6,3,7,1,2,1,0
655,0.7,0.45,0.15,0.1,6,10,3,7,1,2,0,0
656,0.08,0.3,0.48,0.35,6,2,3,7,0,0,2,0
657,0.5,0.7,0.45,0.56,6,12,3,7,1,0,2,0
658,0.12,0.61,0.56,0.39,6,9,3,7,0,0,1,0
659,0.93,0.53,0.53,0.81,6,9,3,7,1,0,2,0
660,0.12,0.94,0.76,0.8,10,9,3,7,1,0,2,0
661,0.77,0.1,0.17,0.7,6,2,3,7,1,0,2,0
662,0.26,0.95,0.62,0.99,10,13,3,7,1,0,2,0
663,0.64,0.02,0.85,0.47,6,8,3,7,0,0,2,1
664,0.69,0.42,0.45,0.97,6,2,3,7,1,0,2,0
665,0.7,0.51,0.34,0.4,6,11,3,7,1,0,1,0
666,0.77,0.8,0.05,0.85,10,7,3,7,1,0,2,0
667,0.03,0.26,0.44,0.76,6,1,3,7,1,0,2,0
668,0.19,0.46,0.45,0.64,6,6,3,7,1,2,2,0
669,0.02,0.55,0.5,0.63,6,9,3,7,1,0,2,0
670,0.25,0.27,0.39,0.17,6,2,3,7,1,1,2,0
671,0.51,0.58,0.46,0.0,10,5,3,7,1,0,1,0
672,0.94,0.05,0.61,0.01,10,14,3,7,0,0,2,0
673,0.12,0.81,0.61,0.32,10,7,3,7,0,0,2,0
674,0.64,0.61,0.42,0.08,6,9,3,7,1,1,2,0
675,0.68,0.52,0.74,0.2,10,3,3,7,1,0,1,0
676,0.7,0.73,0.04,0.09,6,14,3,7,1,0,2,1
677,0.13,0.3,0.67,0.8,6,1,3,7,1,0,2,0
678,0.73,0.24,0.63,0.82,7,0,3,7,1,1,2,0
679,0.78,0.2,0.09,0.82,6,12,3,7,0,0,2,0
680,0.75,0.53,0.61,0.45,6,13,3,2,2,0,2,1
681,0.4,0.15,0.75,0.47,6,12,3,2,1,0,2,0
682,0.63,0.1,0.94,0.13,6,5,3,2,0,0,1,0
683,0.68,0.99,0.28,0.86,6,0,3,2,0,0,1,0
684,0.25,0.24,0.47,0.52,6,1,3,2,1,0,2,0
685,0.7,0.22,0.28,0.87,6,0,3,2,1,0,2,0
686,0.54,0.04,0.58,0.61,6,9,3,2,1,0,2,0
687,0.72,0.5,0.35,0.28,8,7,3,2,1,0,2,0
688,0.76,0.96,0.65,0.04,6,14,3,2,0,1,2,1
689,0.14,0.15,0.55,0.62,6,1,3,2,1,0,2,1
690,0.85,0.49,0.09,0.73,6,2,3,2,1,0,1,0
691,1.0,0.6,0.31,0.25,6,12,3,2,2,0,2,0
692,0.71,0.41,0.01,0.48,6,10,3,2,1,0,2,0
693,0.14,0.08,0.79,0.39,6,9,3,2,1,0,2,1
694,0.42,0.15,0.57,0.89,6,3,3,2,1,0,2,0
695,0.65,0.32,0.74,0.67,6,7,3,2,0,0,2,0
696,0.8,0.12,0.64,0.6,6,9,3,2,1,0,2,0
697,0.96,0.87,0.77,0.09,6,7,3,2,1,0,1,0
698,0.64,0.28,0.64,0.92,6,14,3,2,1,0,2,0
699,0.12,0.12,0.35,0.91,6,6,3,2,1,2,1,0
700,0.36,0.53,0.93,0.9,10,9,5,2,1,0,2,0
701,0.13,0.6,0.43,0.87,10,8,5,2,1,0,1,0
702,0.51,0.22,0.56,0.64,7,2,5,2,1,0,2,0
703,0.55,0.6,0.65,0.58,7,9,5,2,2,0,2,1
704,0.79,0.43,0.28,0.74,7,2,5,2,2,0,2,1
705,0.98,0.53,0.57,0.79,7,7,5,2,1,0,2,0
706,0.42,0.96,0.72,0.64,7,10,5,2,1,0,1,0
707,0.31,0.11,0.28,0.84,7,5,5,2,0,0,1,0
708,0.23,0.37,0.54,0.53,7,6,5,2,1,0,2,0
709,0.67,0.7,0.69,0.85,7,13,5,2,1,0,2,1
710,0.42,0.65,0.53,0.55,7,3,5,2,1,0,2,0
711,0.99,0.75,0.87,0.72,7,1,5,2,1,0,2,0
712,0.71,0.6,0.8,0.71,6,4,5,2,1,0,2,1
713,0.36,0.57,0.5,0.73,7,5,5,2,1,0,2,1
714,0.35,0.54,0.93,0.9,7,6,5,2,1,0,2,1
715,0.71,0.55,0.33,0.43,7,6,5,2,0,0,2,0
716,0.99,0.38,0.41,0.68,7,3,5,2,1,0,1,0
717,0.29,0.77,0.61,0.58,7,2,5,2,1,0,1,0
718,0.7,0.35,0.15,0.27,7,6,5,2,0,2,2,0
719,0.2,0.51,0.96,0.23,7,7,5,2,1,0,2,1
720,0.57,0.63,0.69,0.25,7,12,5,2,2,0,2,0
721,0.55,0.74,0.88,0.65,7,3,5,2,0,0,2,0
722,0.41,0.04,0.04,0.62,7,8,5,2,1,0,2,0
723,0.13,0.16,0.19,0.51,7,9,5,2,0,0,2,0
724,0.65,0.87,0.18,0.79,7,12,5,2,1,0,2,0
725,0.61,0.56,0.16,0.22,7,5,5,2,0,0,2,0
726,0.4,0.22,0.58,0.75,7,5,5,2,0,0,1,0
727,0.54,0.24,0.56,0.8,7,11,5,2,0,0,0,0
728,0.63,0.1,0.61,0.69,7,10,5,2,1,0,2,0
729,0.76,0.52,0.67,0.25,7,7,5,2,0,0,2,0
730,0.1,0.55,0.18,0.5,7,5,5,2,1,0,2,0
731,0.54,0.33,0.54,0.55,7,9,5,2,1,0,2,1
732,0.4,0.62,0.65,0.64,7,4,5,2,2,0,2,0
733,0.0,0.14,0.42,0.44,7,11,5,2,1,2,2,1
734,0.59,0.18,0.16,0.9,10,8,5,2,1,0,1,0
735,0.23,0.59,0.45,0.49,6,6,5,2,1,0,2,0
736,0.29,0.08,0.32,0.29,7,4,5,2,0,0,2,0
737,0.01,0.83,0.15,0.42,7,6,5,2,0,0,1,0
738,0.53,0.7,0.48,0.72,7,0,5,2,1,0,2,0
739,0.62,0.57,0.31,0.45,7,12,5,2,1,1,2,1
740,0.67,0.33,0.44,0.33,7,8,5,2,1,0,2,1
741,0.86,0.91,0.59,0.51,7,8,5,2,1,0,2,0
742,0.61,0.5,0.48,0.56,7,7,5,2,0,0,2,1
743,0.27,0.0,0.6,0.48,7,10,5,2,0,2,2,0
744,0.95,0.75,0.37,0.98,7,8,5,2,1,0,1,0
745,0.17,0.89,0.64,0.42,7,9,5,2,1,0,2,1
746,0.49,1.0,0.61,0.6,7,12,5,2,1,0,0,1
747,0.64,0.13,0.7,0.48,7,7,5,2,1,0,2,0
748,0.46,0.76,0.07,0.41,7,3,5,2,1,0,2,0
749,0.63,0.49,0.84,0.7,7,2,5,2,1,0,2,0
750,0.08,0.43,0.57,0.07,7,5,5,2,2,0,1,0
751,0.08,0.99,0.92,0.18,10,7,5,2,1,0,2,1
752,0.28,0.56,0.01,0.24,7,11,5,2,1,1,2,0
753,0.79,0.48,0.36,0.43,7,12,5,2,0,0,1,1
754,0.58,0.38,0.81,0.79,7,10,5,2,1,0,1,0
755,0.04,0.54,0.14,0.47,10,2,5,2,1,0,1,1
756,0.17,0.82,0.57,0.56,7,4,5,2,1,0,2,0
757,0.64,0.4,0.38,0.09,7,0,5,2,1,0,2,0
758,0.56,0.25,0.66,0.62,4,12,5,2,1,1,2,0
759,0.86,0.37,0.6,0.92,7,1,5,2,0,0,2,1
760,0.42,0.47,0.62,0.82,7,13,5,2,1,0,2,1
761,0.5,0.32,0.41,0.9,7,0,5,2,1,0,2,0
762,0.37,0.03,0.45,0.74,10,12,5,2,1,0,2,0
763,0.48,0.46,0.51,0.98,7,7,5,2,0,0,2,0
764,0.66,0.57,0.61,0.46,6,3,5,2,1,0,0,0
765,0.14,0.86,0.04,0.57,7,0,5,2,0,0,2,0
766,0.57,0.28,0.69,0.32,7,3,5,2,1,0,2,1
767,0.58,0.38,0.43,0.79,7,1,5,2,1,0,2,0
768,0.06,0.93,0.53,0.92,8,5,5,2,1,1,1,1
769,0.65,0.33,0.7,0.48,7,5,5,2,1,0,2,0
770,0.98,0.48,0.01,0.98,7,10,5,2,1,0,2,1
771,0.78,0.3,0.54,0.89,7,9,5,2,1,0,1,0
772,0.74,0.22,0.34,0.73,7,1,5,2,1,0,1,0
773,0.05,0.57,0.35,0.03,7,12,5,2,1,0,0,0
774,0.81,0.68,0.18,0.92,10,9,5,2,1,0,1,1
775,0.24,0.58,0.64,0.33,7,13,5,2,1,0,2,0
776,0.62,0.92,0.67,0.32,6,2,5,2,1,0,2,1
777,0.68,0.05,0.49,0.55,7,7,5,2,1,0,2,0
778,0.33,0.57,0.6,0.41,7,5,5,2,1,0,2,1
779,0.57,0.25,0.24,0.12,7,9,5,2,1,0,0,0
780,0.26,0.43,0.5,0.54,7,7,5,2,0,0,2,0
781,0.46,0.25,0.6,0.0,7,10,5,2,1,0,2,0
782,0.57,0.01,0.89,0.48,10,9,5,2,0,1,2,0
783,0.24,0.58,0.64,0.33,7,13,5,2,1,0,2,0
784,0.75,0.67,0.01,0.08,5,9,5,2,1,1,2,0
785,0.78,0.82,0.74,0.27,7,11,5,2,0,0,2,0
786,0.59,0.84,0.2,0.26,7,6,5,2,1,1,2,0
787,0.19,0.48,0.68,0.92,7,12,5,2,0,0,2,1
788,0.38,0.77,0.58,0.57,5,0,5,2,1,0,2,0
789,0.69,0.82,0.23,0.24,7,12,5,2,0,0,1,0
790,0.16,0.81,0.99,0.62,10,8,5,2,1,0,2,0
791,0.71,0.17,0.35,0.04,7,6,5,2,1,0,2,1
792,0.67,0.5,0.63,0.55,7,14,5,2,1,0,2,0
793,0.08,0.51,0.2,0.22,7,2,5,2,1,1,2,1
794,0.42,0.44,0.31,0.45,7,7,5,2,0,0,2,0
795,0.69,0.57,0.45,0.28,7,2,5,2,0,0,2,1
796,0.6,0.95,0.65,0.65,7,9,5,2,1,0,2,1
797,0.88,0.02,0.52,0.74,7,7,5,2,0,0,2,0
798,0.72,0.06,0.39,0.16,7,4,5,2,1,0,1,1
799,0.75,0.27,0.39,0.46,7,6,5,2,2,0,2,0
800,0.91,0.39,0.29,0.24,8,7,4,2,1,3,0,0
801,0.8,0.59,0.17,0.26,8,7,4,2,1,3,0,0
802,0.59,0.38,0.36,0.47,5,0,4,2,1,3,0,1
803,0.85,0.24,1.0,0.3,8,4,4,2,0,1,1,0
804,0.13,0.31,0.72,0.98,8,8,4,2,0,2,1,1
805,0.89,0.24,1.0,0.39,8,12,4,2,0,3,0,1
806,0.68,0.33,0.04,0.52,8,8,4,2,2,3,0,0
807,0.9,0.04,0.28,0.45,8,13,4,2,1,3,0,0
808,0.5,0.63,0.76,0.35,8,9,4,2,1,3,0,0
809,0.33,0.8,0.51,0.84,8,8,4,2,1,3,0,0
810,0.8,0.98,0.88,0.57,8,8,4,2,0,3,0,1
811,0.55,0.43,0.11,0.53,8,2,4,2,1,3,0,0
812,0.71,0.41,0.05,0.59,8,5,4,2,0,3,0,0
813,0.21,0.48,0.35,0.78,8,9,4,2,1,3,0,0
814,0.76,0.76,0.99,0.18,9,1,4,2,1,1,0,0
815,0.78,0.15,0.08,0.49,8,8,4,2,0,3,0,0
816,0.58,0.47,0.74,0.62,8,10,4,2,1,3,0,0
817,0.6,0.33,0.37,0.44,8,11,4,2,0,3,1,1
818,0.41,0.68,0.73,0.54,8,10,4,2,1,1,2,0
819,0.88,0.78,0.38,0.53,8,6,4,2,1,3,0,0
820,0.27,0.21,0.43,0.32,8,3,4,2,1,3,0,0
821,0.77,0.88,0.39,0.59,8,6,4,2,1,3,0,1
822,0.74,0.39,0.68,0.28,8,5,4,2,0,3,0,0
823,0.05,0.35,0.99,0.63,8,7,4,2,1,3,0,0
824,0.05,0.37,0.41,0.65,8,12,4,2,0,3,0,0
825,0.72,0.46,0.57,0.65,8,9,4,2,1,3,0,0
826,0.31,0.96,0.74,0.73,8,10,4,2,1,3,0,0
827,0.09,0.88,0.1,0.57,8,9,4,2,1,3,0,0
828,0.17,0.06,0.95,0.86,8,11,4,2,1,3,0,0
829,0.02,0.76,0.42,0.81,8,9,4,2,1,3,0,1
830,0.37,0.48,0.37,0.85,8,6,4,2,1,3,0,1
831,0.6,0.61,0.19,0.52,8,9,4,2,1,3,0,0
832,0.86,0.04,0.52,0.75,8,7,4,2,0,3,0,1
833,0.75,0.52,0.42,0.2,10,9,4,2,1,3,0,0
834,0.65,0.37,0.66,0.31,8,1,4,2,0,3,0,1
835,0.48,0.53,0.56,0.23,8,14,4,2,1,3,0,0
836,0.12,0.68,0.87,0.07,8,6,4,2,1,3,0,0
837,0.18,0.22,0.5,0.74,8,0,4,2,1,3,1,1
838,0.87,0.96,0.58,0.25,9,10,4,2,1,3,1,0
839,0.7,0.58,0.43,0.58,8,13,4,2,1,3,0,1
840,0.68,0.54,0.55,0.28,8,8,4,2,1,3,0,0
841,0.43,0.27,0.54,0.62,8,11,4,2,1,3,0,1
842,0.39,0.27,0.41,0.52,9,4,4,2,1,3,0,0
843,0.07,0.75,0.65,0.37,8,11,4,2,2,3,0,0
844,0.68,0.23,0.42,0.29,8,3,4,2,0,3,0,0
845,0.01,0.29,0.67,0.29,8,14,4,2,1,3,2,0
846,0.5,0.16,0.51,0.76,8,12,4,2,1,2,1,0
847,0.57,0.29,0.19,0.39,10,3,4,2,2,3,0,0
848,0.09,0.0,0.45,0.88,8,5,4,2,0,3,0,0
849,0.27,0.54,0.9,0.23,7,14,4,2,2,3,0,0
850,0.03,0.25,0.84,0.51,8,0,4,2,1,1,1,1
851,0.41,0.92,0.57,0.5,8,6,4,2,1,3,0,0
852,0.68,0.21,0.08,0.93,7,6,4,2,0,3,0,0
853,0.83,0.32,0.2,0.05,8,3,4,2,1,3,0,0
854,0.65,0.67,0.87,0.54,7,9,4,2,1,3,0,0
855,0.11,0.8,0.2,0.12,10,8,4,2,1,3,1,0
856,0.56,0.32,0.33,0.3,8,9,4,2,0,2,1,0
857,0.66,0.45,0.5,0.5,8,10,4,2,1,1,0,0
858,0.92,0.15,0.65,0.31,8,14,4,2,0,3,2,0
859,0.67,0.14,0.47,0.02,7,2,4,2,1,3,0,0
860,0.35,0.51,0.2,0.06,9,5,4,2,1,3,0,0
861,0.72,0.1,0.43,0.62,8,4,4,2,2,3,1,0
862,0.57,0.11,0.99,0.22,8,1,4,2,1,3,0,0
863,0.58,0.46,0.24,0.32,8,8,4,2,0,3,0,0
864,0.26,0.37,0.44,0.27,8,7,4,2,1,3,0,0
865,0.68,0.81,0.33,0.86,8,4,4,2,0,3,1,1
866,0.89,0.28,0.32,0.27,8,4,4,2,1,3,0,0
867,0.61,0.22,0.37,0.44,9,3,4,2,0,3,0,0
868,0.59,0.69,0.86,0.58,8,7,4,2,1,3,1,0
869,0.08,0.83,0.98,0.58,8,12,4,2,1,3,1,0
870,0.66,0.79,0.44,0.47,8,2,4,2,1,3,0,0
871,0.38,0.65,0.69,0.52,8,9,4,2,1,3,0,1
872,0.39,0.44,0.59,0.25,8,14,4,2,1,3,0,0
873,0.21,0.61,0.92,0.47,7,8,4,2,0,2,0,0
874,0.44,0.89,0.69,0.93,8,13,4,2,1,3,1,0
875,0.34,0.56,0.62,0.72,8,9,4,2,1,1,2,0
876,0.69,0.65,0.61,0.52,8,3,4,2,1,1,1,0
877,0.62,0.51,0.09,0.47,8,10,4,2,1,3,0,0
878,0.95,0.28,0.38,0.6,9,2,4,2,0,3,0,0
879,0.4,0.09,0.31,0.54,8,8,4,2,1,3,0,0
880,0.67,0.68,0.44,0.22,8,8,4,2,1,3,0,0
881,0.82,0.51,0.89,0.55,9,7,4,2,1,3,0,0
882,0.73,0.37,0.6,0.58,10,10,4,2,1,3,0,0
883,0.7,0.87,0.58,0.6,8,11,4,2,0,3,0,1
884,0.12,0.44,0.4,0.11,8,7,4,2,1,3,0,0
885,0.65,0.9,0.45,0.69,8,5,4,2,1,3,0,0
886,0.97,0.49,0.49,0.65,8,8,4,2,0,3,0,1
887,0.8,0.41,0.7,0.23,8,14,4,2,1,3,0,0
888,0.48,0.82,0.5,0.81,8,9,4,2,1,3,0,0
889,0.71,0.41,0.37,0.83,8,6,4,2,1,3,0,0
890,0.54,0.22,0.54,0.32,9,12,4,2,1,3,0,1
891,0.43,0.09,0.53,0.56,8,13,4,2,1,3,1,0
892,0.43,0.75,0.51,0.79,8,7,4,2,1,3,0,0
893,0.72,0.2,0.43,0.3,8,4,4,2,1,3,0,1
894,0.13,0.38,0.03,0.67,8,11,4,2,0,3,0,0
895,0.41,0.76,0.09,0.62,8,12,4,2,1,3,0,0
896,0.25,0.93,0.22,0.65,8,7,4,2,1,2,0,0
897,0.36,0.23,0.72,0.56,8,14,4,2,1,3,0,0
898,0.21,0.59,0.3,0.56,10,7,4,2,1,3,0,1
899,0.63,0.95,0.74,0.61,8,5,4,2,1,3,0,1
900,0.82,0.96,0.41,0.66,9,0,6,2,0,0,0,1
901,0.21,0.8,0.41,0.07,9,6,6,2,1,0,0,0
902,0.56,0.62,0.55,0.07,9,6,6,2,1,0,0,0
903,0.62,0.21,0.41,0.4,9,6,6,2,1,0,0,0
904,0.05,0.82,0.22,0.29,11,12,6,2,1,2,0,0
905,0.92,0.77,0.78,0.19,9,12,6,2,0,0,0,0
906,0.35,0.19,0.31,0.97,9,2,6,2,0,0,1,0
907,0.78,0.28,0.07,0.83,9,5,6,2,0,0,0,0
908,0.97,0.67,0.07,0.33,9,9,6,2,1,0,0,1
909,0.77,0.61,0.11,0.67,9,11,6,2,0,0,0,1
910,0.48,0.64,0.63,0.96,9,1,6,2,1,0,0,0
911,0.13,0.7,0.5,0.64,9,12,6,2,0,0,0,0
912,0.36,0.56,0.6,0.05,9,9,6,2,2,0,1,0
913,0.42,0.65,0.16,0.9,9,4,6,2,0,0,0,0
914,0.45,0.35,0.57,0.69,9,14,6,2,1,0,1,0
915,0.83,0.69,0.52,0.04,9,10,6,2,1,0,0,1
916,0.5,0.85,0.62,0.52,9,11,6,2,1,1,1,1
917,0.5,0.32,0.42,0.55,9,0,6,2,2,0,0,0
918,0.36,0.65,0.9,0.23,9,2,6,2,1,0,0,0
919,0.71,0.64,0.56,0.83,9,9,6,2,1,0,0,1
920,0.47,0.45,0.97,0.42,9,8,6,2,0,0,0,0
921,0.44,0.54,0.74,0.57,9,6,6,2,0,0,0,0
922,0.52,0.68,0.59,0.8,9,8,6,2,1,0,0,0
923,0.86,0.85,0.43,0.1,9,2,6,2,0,0,0,0
924,0.06,0.57,0.4,0.2,10,11,6,2,0,0,1,0
925,0.21,0.1,0.36,0.69,9,9,6,2,0,0,1,1
926,0.13,0.7,0.39,0.47,9,7,6,2,0,0,0,1
927,0.39,0.78,0.46,0.6,9,12,6,2,1,0,0,0
928,0.3,0.65,0.13,0.81,7,6,6,2,0,0,0,0
929,0.41,0.27,0.42,0.38,9,1,6,2,0,0,0,0
930,0.4,0.16,0.02,0.27,9,14,6,2,1,0,0,0
931,0.67,0.6,0.5,0.54,9,3,6,2,0,0,0,1
932,0.45,0.47,0.22,0.53,7,2,6,2,0,2,0,0
933,0.49,0.03,0.87,0.01,9,8,6,2,1,0,0,0
934,0.47,0.83,0.08,0.1,7,4,6,2,2,0,0,1
935,0.91,0.83,0.83,0.5,10,13,6,2,1,0,0,1
936,0.63,0.83,0.29,0.32,9,8,6,2,1,0,0,0
937,0.24,0.59,0.63,0.91,9,5,6,2,2,0,0,0
938,0.35,0.67,0.67,0.21,9,1,6,2,1,0,0,1
939,0.55,0.86,0.84,0.09,9,1,6,2,0,0,0,1
940,0.19,0.61,0.48,0.65,10,2,6,2,1,0,0,0
941,0.58,0.36,0.44,0.09,10,4,6,2,1,0,0,0
942,0.2,0.12,0.41,0.43,9,0,6,2,1,1,0,0
943,0.62,0.69,0.38,0.46,9,12,6,2,0,0,0,1
944,0.13,0.81,0.58,0.38,9,10,6,2,1,0,0,1
945,0.38,0.08,0.97,0.92,9,13,6,2,1,0,0,0
946,0.96,0.54,0.51,0.51,9,11,6,2,0,0,0,0
947,0.38,0.37,0.43,0.79,9,8,6,2,2,0,0,0
948,0.82,0.46,0.43,0.69,9,4,6,2,1,1,0,0
949,0.32,0.56,0.37,0.83,9,10,6,2,1,0,0,0
950,0.95,0.53,0.39,0.71,9,4,6,2,1,0,0,1
951,0.47,0.85,0.39,0.53,10,14,6,2,2,0,0,0
952,0.9,0.95,0.28,0.37,9,9,6,2,2,0,0,0
953,0.57,0.15,0.43,0.11,9,2,6,2,1,0,0,0
954,0.67,0.52,0.49,0.61,10,14,6,2,1,0,0,0
955,0.66,0.92,0.41,0.59,9,2,6,2,1,0,0,0
956,0.77,0.71,0.48,0.24,9,9,6,2,1,0,0,0
957,0.45,0.46,1.0,0.69,9,14,6,2,0,2,1,0
958,0.62,0.64,0.49,0.68,9,10,6,2,1,1,0,0
959,0.36,0.52,0.53,0.01,9,11,6,2,1,0,0,1
960,0.42,0.76,0.39,0.05,9,5,6,2,1,2,0,1
961,0.81,0.17,0.52,0.57,9,13,6,2,0,0,0,0
962,0.62,0.08,0.52,0.67,9,14,6,2,1,0,0,1
963,0.51,0.67,0.97,0.2,9,1,6,2,0,0,2,0
964,0.45,0.59,0.28,0.68,6,7,6,2,2,0,0,0
965,0.62,0.48,0.29,0.19,9,8,6,2,2,0,0,0
966,0.39,0.98,0.34,0.08,9,9,6,2,1,0,0,0
967,0.5,0.6,0.33,0.2,9,1,6,2,0,0,0,0
968,0.31,0.23,0.91,0.89,9,6,6,2,1,0,1,0
969,0.92,0.53,0.93,0.64,9,11,6,2,1,0,0,0
970,0.9,0.57,0.29,0.81,9,4,6,2,1,0,0,1
971,0.29,0.55,0.09,0.15,9,8,6,2,1,0,1,0
972,0.7,0.71,0.26,0.03,9,10,6,2,2,0,0,0
973,0.98,0.71,0.5,0.71,9,8,6,2,0,0,0,0
974,0.15,0.81,0.41,0.54,9,3,6,2,1,0,1,0
975,0.33,0.87,0.52,0.31,10,10,6,2,1,0,0,0
976,0.5,0.06,0.2,0.17,9,12,6,2,1,0,0,0
977,0.46,0.87,0.53,0.77,10,10,6,2,1,0,0,0
978,0.67,0.74,0.63,0.29,9,8,6,2,1,0,1,0
979,0.01,0.5,0.52,0.81,9,11,6,2,1,0,0,1
980,0.35,0.68,0.2,0.78,9,12,6,2,1,0,0,1
981,1.0,0.86,0.53,0.15,9,3,6,2,1,0,1,0
982,0.38,0.18,0.01,0.29,9,14,6,2,1,0,0,0
983,0.2,0.28,0.41,0.88,9,6,6,2,0,1,0,1
984,0.44,0.72,0.25,0.17,9,13,6,2,1,0,0,0
985,0.17,0.66,0.67,0.42,9,5,6,2,1,0,0,1
986,0.37,0.82,0.62,0.66,9,4,6,2,1,0,0,1
987,0.89,0.54,0.14,0.08,9,4,6,2,1,0,0,0
988,0.07,0.59,0.27,0.86,9,0,6,2,1,0,0,1
989,0.7,0.22,0.54,0.34,9,13,6,2,1,0,0,0
990,0.42,0.85,0.82,0.93,11,11,6,2,1,0,1,0
991,0.2,0.99,0.45,0.32,10,5,6,2,0,0,1,0
992,0.24,0.19,0.99,0.69,9,6,6,2,1,0,0,0
993,0.99,0.55,0.31,0.8,9,1,6,2,1,0,0,1
994,0.05,0.5,0.78,1.0,11,14,6,2,1,0,0,0
995,0.42,0.65,0.2,0.95,9,8,6,2,2,0,0,0
996,0.33,0.91,0.75,0.07,9,8,6,2,1,0,0,0
997,0.42,0.82,0.81,0.89,7,11,6,2,1,0,0,0
998,0.76,0.72,0.09,0.78,9,9,6,2,1,0,0,0
999,0.45,0.59,0.23,0.07,9,1,6,2,1,0,0,0
1000,0.97,0.78,0.17,0.55,10,7,0,2,2,0,4,0
1001,0.28,0.96,0.91,0.12,10,14,0,2,1,2,1,0
1002,0.42,0.48,0.17,0.87,10,1,0,2,0,0,1,0
1003,0.3,0.36,0.79,0.41,10,14,0,2,1,0,1,0
1004,0.76,0.15,0.49,0.95,10,10,0,2,0,0,4,1
1005,0.92,0.74,0.97,0.68,10,4,0,2,1,0,4,0
1006,0.5,0.12,0.41,0.89,10,0,0,2,1,0,4,1
1007,0.35,0.71,0.59,0.48,10,7,0,2,0,0,4,0
1008,0.32,0.25,0.49,0.5,10,3,0,2,1,0,4,0
1009,0.64,0.33,0.3,0.51,10,0,0,2,2,0,4,0
1010,0.61,0.54,0.46,0.78,10,3,0,2,1,0,4,0
1011,0.37,0.11,0.74,0.5,10,7,0,2,1,0,4,1
1012,0.08,0.38,0.54,0.83,10,8,0,2,1,0,4,0
1013,0.05,0.43,0.77,0.21,10,13,0,2,1,0,4,0
1014,0.32,0.0,0.99,0.94,6,9,0,2,1,1,4,1
1015,0.07,0.28,0.57,0.05,10,2,0,2,0,0,4,0
1016,0.74,0.37,0.94,0.56,10,13,0,2,2,0,4,1
1017,0.69,0.39,0.52,0.31,10,10,0,2,1,1,4,1
1018,0.81,0.47,0.6,0.57,10,4,0,2,1,0,2,1
1019,0.37,0.08,0.7,0.46,10,5,0,2,0,0,4,0
1020,0.43,0.51,0.41,0.56,10,6,0,2,0,0,4,0
1021,0.4,0.3,0.92,0.93,10,14,0,2,0,0,4,1
1022,0.67,0.18,0.11,0.41,10,5,0,2,1,0,4,0
1023,0.59,0.62,0.74,0.49,10,10,0,2,0,0,4,0
1024,0.48,0.57,0.41,0.57,10,5,0,2,1,0,4,1
1025,0.19,0.05,0.77,0.86,10,7,0,2,1,1,4,1
1026,0.24,0.48,0.57,0.41,9,7,0,2,1,0,4,1
1027,0.5,0.27,0.34,0.59,10,2,0,2,1,0,4,0
1028,0.04,0.02,0.14,0.58,10,14,0,2,0,0,4,1
1029,0.28,0.74,0.79,0.61,10,2,0,2,1,0,4,0
1030,0.28,0.03,0.44,0.69,2,11,0,2,1,1,1,0
1031,0.53,0.38,0.56,0.93,10,9,0,2,1,0,4,0
1032,0.65,0.51,0.52,0.54,10,9,0,2,1,0,4,0
1033,0.21,0.1,0.43,0.46,10,3,0,2,0,0,2,0
1034,0.35,0.52,0.44,0.82,10,10,0,2,1,0,4,0
1035,0.35,0.38,0.34,0.52,6,8,0,2,1,0,4,0
1036,0.26,0.17,0.97,0.82,10,7,0,2,1,0,4,0
1037,0.54,0.38,0.85,0.93,10,12,0,2,1,0,4,0
1038,0.46,0.51,0.29,0.63,10,9,0,2,1,0,4,1
1039,0.46,0.77,0.43,0.71,10,8,0,2,0,0,4,0
1040,0.18,0.87,0.3,0.7,10,4,0,2,2,0,4,0
1041,0.0,0.4,0.71,0.83,9,0,0,2,1,0,3,0
1042,0.4,0.85,0.53,0.85,10,10,0,2,1,0,1,1
1043,0.18,0.7,0.04,0.16,10,11,0,2,1,0,4,0
1044,0.41,0.96,0.42,0.12,6,13,0,2,0,0,1,0
1045,0.39,0.06,0.83,0.28,10,3,0,2,1,0,4,0
1046,0.64,0.6,0.53,0.6,10,3,0,2,1,0,4,0
1047,0.52,0.02,0.07,0.42,10,3,0,2,2,0,4,0
1048,0.16,0.51,0.45,0.89,10,9,0,2,1,0,2,1
1049,0.36,0.36,0.59,0.16,10,3,0,2,1,0,4,1
1050,0.72,0.24,0.54,0.42,10,11,0,2,1,0,3,1
1051,0.62,0.75,0.35,0.28,10,6,0,2,1,0,3,0
1052,0.43,0.99,0.5,0.1,9,2,0,2,1,0,4,1
1053,0.33,0.84,0.42,0.5,10,3,0,2,0,0,4,0
1054,0.66,0.85,0.42,0.55,10,11,0,2,2,0,4,0
1055,0.47,0.25,0.4,0.98,10,11,0,2,0,2,1,0
1056,0.42,0.37,0.15,0.43,10,14,0,2,1,0,4,1
1057,0.8,0.99,0.45,0.66,10,4,0,2,2,0,2,1
1058,0.65,0.57,0.35,0.57,10,6,0,2,1,0,4,0
1059,0.01,0.38,0.73,0.51,8,10,0,2,1,0,4,0
1060,0.1,0.27,0.61,0.18,10,10,0,2,1,0,4,1
1061,0.62,0.56,0.35,0.61,10,13,0,2,1,0,4,0
1062,0.43,0.15,0.37,0.16,10,5,0,2,0,0,4,0
1063,0.5,0.21,0.5,0.88,10,9,0,2,0,1,4,0
1064,0.59,0.58,1.0,0.72,10,10,0,2,0,0,4,1
1065,0.53,0.14,0.39,0.41,10,4,0,2,2,0,4,1
1066,0.4,0.91,0.91,0.09,10,4,0,2,1,0,4,0
1067,0.79,0.18,0.5,0.37,10,9,0,2,0,0,4,1
1068,0.63,0.45,0.27,0.83,8,14,0,2,1,0,2,0
1069,0.27,0.82,0.91,0.37,10,10,0,2,1,0,1,0
1070,0.75,0.34,0.76,0.92,10,7,0,2,0,0,4,0
1071,0.35,0.29,0.58,0.72,10,11,0,2,1,0,4,0
1072,0.27,0.06,0.5,0.47,10,14,0,2,1,0,4,0
1073,0.64,0.82,0.16,0.29,10,10,0,2,0,0,4,1
1074,0.42,0.63,0.94,0.67,10,5,0,2,1,0,4,0
1075,0.78,0.85,0.5,0.52,10,5,0,2,0,0,4,0
1076,0.66,0.78,0.52,0.79,10,14,0,2,1,0,2,0
1077,0.3,0.41,0.67,0.5,10,12,0,2,0,0,4,0
1078,0.58,0.94,0.3,0.53,9,3,0,2,1,1,1,0
1079,0.8,0.92,0.48,0.9,10,11,0,2,1,0,4,0
1080,0.08,0.49,0.77,0.33,10,7,0,2,0,1,2,0
1081,0.09,0.86,0.27,0.97,10,4,0,2,1,0,4,0
1082,0.63,0.1,0.3,0.11,10,0,0,2,1,0,4,0
1083,0.62,0.36,0.81,0.45,10,11,0,2,0,2,0,0
1084,0.23,0.92,0.06,0.56,10,2,0,2,0,0,4,0
1085,0.58,0.92,0.45,0.65,10,7,0,2,0,0,4,0
1086,0.9,0.45,0.42,0.53,10,12,0,2,1,0,4,0
1087,0.43,0.32,0.02,0.04,10,12,0,2,1,0,4,1
1088,0.5,0.75,0.61,0.45,10,0,0,2,0,0,3,1
1089,0.17,0.39,0.51,0.72,10,9,0,2,1,0,4,0
1090,0.49,0.75,0.05,0.88,10,2,0,2,1,0,3,1
1091,0.52,0.32,0.79,0.3,10,4,0,2,1,0,4,0
1092,0.4,0.47,0.44,0.46,10,14,0,2,2,0,4,0
1093,0.28,0.86,0.6,0.2,10,11,0,2,1,0,4,0
1094,0.07,0.38,0.71,0.75,10,0,0,2,1,1,4,0
1095,0.11,0.41,0.41,0.64,10,12,0,2,1,0,4,0
1096,0.43,0.33,0.57,0.26,10,13,0,2,1,0,4,0
1097,0.62,0.6,0.41,0.92,10,1,0,2,0,0,2,1
1098,0.83,0.38,0.56,0.86,10,11,0,2,1,0,4,0
1099,0.48,0.32,0.37,0.32,10,6,0,2,1,0,2,1
1100,0.72,0.42,0.68,0.14,10,6,5,2,0,1,4,0
1101,0.77,0.78,0.45,0.63,10,11,5,2,1,1,4,0
1102,0.42,0.44,0.69,0.91,10,12,5,2,0,1,2,0
1103,0.65,0.15,0.24,0.39,10,10,5,2,1,1,4,1
1104,0.28,0.17,0.65,0.98,9,8,5,2,1,1,4,0
1105,0.64,0.44,0.76,0.8,10,11,5,2,1,1,4,0
1106,0.74,0.04,0.1,0.03,10,8,5,2,0,1,1,0
1107,0.49,0.66,0.84,0.62,10,14,5,2,0,1,4,0
1108,0.83,0.57,0.39,0.8,10,6,5,2,1,1,0,0
1109,0.45,0.45,0.28,0.41,10,1,5,2,0,1,4,0
1110,0.79,0.27,0.27,0.65,10,6,5,2,0,1,4,0
1111,0.24,0.06,0.44,0.58,9,3,5,2,2,1,4,0
1112,0.54,0.12,0.25,0.26,7,3,5,2,1,1,4,0
1113,0.4,0.56,0.79,0.0,10,14,5,2,0,1,3,1
1114,0.14,0.5,0.69,0.65,10,8,5,2,0,1,4,0
1115,0.57,0.03,0.56,0.93,10,5,5,2,0,1,4,1
1116,0.07,0.74,0.76,0.15,10,9,5,2,1,1,4,0
1117,0.22,0.76,0.71,0.58,10,10,5,2,2,1,4,0
1118,0.83,0.41,0.67,0.36,10,11,5,2,1,1,4,1
1119,0.95,0.07,0.41,0.8,10,4,5,2,0,2,1,1
1120,0.22,0.19,0.45,0.64,9,2,5,2,0,1,1,1
1121,0.45,0.67,0.36,1.0,10,12,5,2,1,1,4,0
1122,0.4,0.63,0.27,0.65,10,5,5,2,0,1,4,0
1123,0.57,0.52,0.82,0.75,10,3,5,2,0,1,4,1
1124,0.07,0.7,0.32,0.63,10,3,5,2,1,1,4,0
1125,0.76,0.21,0.03,0.34,10,14,5,2,1,1,4,0
1126,0.92,0.4,0.69,0.27,10,1,5,2,1,1,3,0
1127,0.62,0.44,0.53,0.87,10,7,5,2,1,1,4,0
1128,0.0,0.86,0.87,0.02,10,9,5,2,0,1,4,0
1129,0.04,0.71,0.93,0.96,10,12,5,2,0,1,4,1
1130,0.27,0.79,0.42,0.31,10,0,5,2,1,1,4,0
1131,0.5,0.46,0.13,0.72,10,1,5,2,0,1,4,1
1132,0.99,0.26,0.77,0.65,10,4,5,2,1,1,4,1
1133,0.43,0.9,0.69,0.01,10,8,5,2,1,1,4,0
1134,0.47,0.82,0.78,0.92,10,9,5,2,1,1,0,0
1135,0.69,0.32,0.74,0.5,10,0,5,2,0,1,1,1
1136,0.57,0.12,0.36,0.21,10,7,5,2,0,1,4,0
1137,0.44,0.67,0.66,0.76,10,7,5,2,1,1,1,1
1138,0.45,0.55,0.22,0.2,10,7,5,2,1,1,4,0
1139,0.57,0.88,0.66,0.59,10,12,5,2,1,1,2,0
1140,0.27,0.53,0.13,0.85,10,6,5,2,1,0,4,1
1141,0.76,0.26,0.15,0.18,10,14,5,2,1,2,1,0
1142,0.51,0.2,0.02,0.52,10,11,5,2,1,1,0,0
1143,0.51,0.66,0.52,0.96,10,8,5,2,1,1,4,0
1144,0.54,0.42,0.03,0.29,10,11,5,2,1,1,4,0
1145,0.85,0.23,0.9,0.04,10,4,5,2,1,1,4,1
1146,0.44,0.74,0.77,0.07,10,9,5,2,1,1,4,0
1147,0.57,0.44,0.93,0.37,10,8,5,2,0,1,4,1
1148,0.18,0.58,0.36,0.63,11,9,5,2,0,1,1,0
1149,0.56,0.99,0.51,0.38,10,6,5,2,1,1,4,0
1150,0.61,0.01,0.56,0.88,10,9,5,2,0,1,1,0
1151,0.81,0.51,0.59,0.59,10,8,5,2,1,1,4,0
1152,0.98,0.62,0.29,0.59,10,5,5,2,1,1,4,0
1153,0.61,0.92,0.49,0.0,7,5,5,2,1,1,2,0
1154,0.39,0.55,0.5,0.24,10,2,5,2,0,1,4,0
1155,0.94,0.04,0.0,0.03,10,9,5,2,2,1,1,1
1156,0.96,0.36,0.01,0.29,10,4,5,2,1,1,1,1
1157,0.98,0.85,0.91,0.18,10,5,5,2,1,1,1,0
1158,0.46,0.78,0.86,0.84,10,9,5,2,1,1,0,0
1159,0.3,0.39,0.29,0.85,10,1,5,2,1,1,4,0
1160,0.59,0.06,0.91,0.84,10,7,5,2,1,1,4,1
1161,0.78,0.63,0.74,0.26,10,10,5,2,1,1,4,0
1162,0.82,0.04,0.37,0.5,10,7,5,2,0,1,4,0
1163,0.15,0.89,0.74,0.6,10,11,5,2,1,1,4,0
1164,0.4,0.75,0.71,0.52,10,9,5,2,1,1,4,0
1165,0.21,0.7,0.86,0.6,10,12,5,2,0,1,3,1
1166,0.88,0.39,0.98,0.59,10,5,5,2,1,1,4,1
1167,0.74,0.95,0.36,0.54,10,10,5,2,1,1,4,0
1168,0.07,0.47,0.93,0.55,10,6,5,2,0,1,0,1
1169,0.57,0.19,0.26,0.61,10,7,5,2,0,1,4,0
1170,0.68,0.63,0.93,0.59,7,5,5,2,1,1,4,0
1171,0.59,0.32,0.74,0.57,10,8,5,2,2,1,4,0
1172,0.02,0.93,0.42,0.37,10,5,5,2,1,1,0,1
1173,0.63,0.41,0.95,0.18,10,5,5,2,1,1,1,0
1174,0.52,0.32,0.36,0.72,11,11,5,2,1,1,4,0
1175,0.47,0.84,0.19,0.61,10,3,5,2,0,1,1,0
1176,0.12,0.38,0.44,0.34,10,5,5,2,1,1,4,0
1177,0.86,0.6,0.42,0.72,10,0,5,2,0,0,4,1
1178,0.86,0.03,0.54,0.83,10,8,5,2,1,1,4,0
1179,0.42,0.44,0.94,0.34,10,13,5,2,0,1,4,0
1180,0.18,0.53,0.43,0.46,10,7,5,4,1,1,4,0
1181,0.52,0.83,0.43,0.41,10,5,5,4,1,1,4,0
1182,0.55,0.68,0.87,0.68,7,12,5,4,1,1,0,1
1183,0.2,0.31,0.66,0.24,10,12,5,4,1,1,2,0
1184,0.14,0.46,0.83,1.0,10,3,5,4,1,0,4,0
1185,0.38,0.26,0.52,0.6,10,12,5,4,1,1,4,0
1186,0.0,0.93,0.59,0.01,10,8,5,4,1,1,4,0
1187,0.3,0.27,0.12,0.84,10,7,5,4,1,1,4,0
1188,0.51,0.14,0.07,0.77,10,1,5,4,1,1,1,0
1189,0.5,0.52,0.86,0.72,6,12,5,4,2,1,4,0
1190,0.57,0.18,0.16,0.82,10,1,5,4,0,1,1,0
1191,0.25,0.31,0.28,0.42,10,13,5,4,1,1,0,0
1192,0.21,0.28,0.47,0.78,10,4,5,4,1,1,4,1
1193,0.68,0.89,0.55,0.91,10,9,5,4,0,1,4,0
1194,0.55,0.74,0.03,0.62,10,4,5,4,0,1,4,1
1195,0.17,0.29,0.69,0.34,10,10,5,4,1,0,2,0
1196,0.99,0.3,0.42,0.99,10,1,5,4,1,1,1,1
1197,0.0,0.91,0.35,0.59,10,14,5,4,1,1,4,1
1198,0.33,0.67,0.33,0.02,10,9,5,4,0,1,4,0
1199,0.81,0.45,0.86,0.7,10,11,5,4,0,1,0,0
1200,0.41,0.19,0.22,0.49,11,3,1,4,0,0,0,0
1201,0.37,0.0,0.87,0.55,11,8,1,4,1,0,2,0
1202,0.91,0.04,0.39,0.91,11,3,1,4,1,0,0,0
1203,0.41,0.2,0.6,0.57,11,1,1,4,2,0,1,1
1204,0.66,0.62,0.41,0.11,11,5,1,4,0,0,1,0
1205,0.38,0.89,0.51,0.8,11,7,1,4,1,0,2,0
1206,0.53,0.36,0.39,0.24,11,4,1,4,0,0,0,0
1207,0.29,0.48,0.59,0.36,11,2,1,4,2,0,0,0
1208,0.63,0.53,0.54,0.53,11,4,1,4,0,0,0,1
1209,0.6,0.07,0.97,0.55,11,5,1,4,0,0,0,1
1210,0.65,0.4,0.62,0.82,10,8,1,4,0,0,2,0
1211,0.33,0.79,0.65,0.84,11,12,1,4,2,0,0,0
1212,0.52,0.25,0.31,0.84,5,8,1,4,1,0,0,0
1213,0.5,0.06,0.56,0.79,11,9,1,4,1,0,0,0
1214,0.66,0.95,0.11,0.31,11,13,1,4,1,0,0,0
1215,0.96,0.41,0.62,0.19,11,11,1,4,1,0,0,0
1216,0.47,0.12,0.34,0.46,10,12,1,4,2,0,1,0
1217,0.35,0.91,0.46,0.55,8,14,1,4,1,0,0,0
1218,0.47,0.77,0.17,0.97,11,11,1,4,0,0,0,0
1219,0.91,0.7,0.61,0.45,11,11,1,4,1,0,0,0
1220,0.37,0.13,0.69,0.61,11,9,1,4,0,0,0,0
1221,0.37,0.24,0.03,0.41,11,1,1,4,0,1,2,0
1222,0.06,0.39,0.41,0.95,11,5,1,4,1,0,0,0
1223,0.39,0.65,0.84,0.94,11,7,1,4,1,0,0,0
1224,0.92,0.32,0.26,0.04,11,3,1,4,0,0,0,1
1225,0.63,0.5,0.26,0.95,11,4,1,4,1,0,1,0
1226,0.26,0.52,0.78,0.64,11,7,1,4,0,0,0,0
1227,0.08,0.53,0.01,0.58,11,14,1,4,1,2,1,0
1228,0.6,0.04,0.4,0.18,11,5,1,4,1,0,0,0
1229,0.33,0.29,0.44,0.5,11,4,1,4,1,0,0,1
1230,0.35,0.9,0.63,0.3,11,7,1,4,0,0,3,0
1231,0.05,0.56,0.63,0.75,11,3,1,4,2,0,0,0
1232,0.54,0.94,0.48,0.64,10,14,1,4,1,1,0,0
1233,0.56,0.08,0.92,0.65,10,2,1,4,1,0,0,0
1234,0.02,0.97,0.1,0.89,10,11,1,4,0,0,0,1
1235,0.61,0.82,0.0,0.03,11,5,1,4,0,0,0,1
1236,0.67,0.64,0.8,0.93,11,13,1,4,1,0,0,0
1237,0.01,0.88,0.37,0.31,11,0,1,4,1,0,0,0
1238,0.38,0.52,0.96,0.51,11,10,1,4,1,0,0,0
1239,0.45,0.59,0.4,0.91,11,0,1,4,1,0,0,0
1240,0.28,0.16,0.83,0.3,11,3,1,4,1,0,0,0
1241,0.5,0.15,0.5,0.81,11,11,1,4,1,0,0,1
1242,0.38,0.28,0.56,0.96,10,3,1,4,1,0,0,0
1243,0.51,0.47,0.97,0.46,12,14,1,4,0,0,0,0
1244,0.35,0.24,0.27,0.12,11,7,1,4,1,0,0,0
1245,0.62,0.56,0.41,0.98,11,7,1,4,1,0,1,0
1246,0.18,0.31,0.4,0.24,11,6,1,4,1,0,0,0
1247,0.49,0.96,0.27,0.85,10,9,1,4,0,2,1,0
1248,0.21,0.36,0.41,0.44,10,13,1,4,0,0,0,1
1249,0.44,0.82,0.68,0.9,11,0,1,4,1,0,0,0
1250,0.5,0.76,0.87,0.4,12,3,1,4,1,0,0,0
1251,0.53,0.85,0.63,0.83,11,5,1,4,1,0,0,0
1252,0.77,0.5,0.74,0.84,11,7,1,4,1,0,0,0
1253,0.31,0.3,0.38,0.11,11,6,1,4,1,0,0,1
1254,0.5,0.99,1.0,0.51,9,6,1,4,0,0,3,0
1255,0.49,0.72,0.25,0.73,11,5,1,4,1,0,0,0
1256,0.77,0.92,0.37,0.26,11,12,1,4,0,0,0,1
1257,0.24,0.03,0.4,0.97,11,5,1,4,1,0,0,0
1258,0.64,0.45,0.6,0.93,11,6,1,4,1,0,2,0
1259,0.63,0.48,0.95,0.43,11,6,1,4,0,0,0,0
1260,0.15,0.91,0.78,0.7,10,9,1,4,1,0,0,1
1261,0.68,0.72,0.23,0.31,11,4,1,4,1,0,0,0
1262,0.52,0.77,0.17,0.4,11,3,1,4,1,0,0,0
1263,0.99,0.46,0.38,0.02,11,1,1,4,1,0,0,0
1264,0.36,0.55,0.57,0.51,11,2,1,4,1,1,0,1
1265,0.1,0.26,0.51,0.26,11,3,1,4,0,0,0,0
1266,0.68,0.44,0.79,0.18,11,1,1,4,1,0,0,0
1267,0.14,0.49,0.96,0.98,11,3,1,4,1,0,1,0
1268,0.5,0.43,0.53,0.67,11,14,1,4,0,0,0,0
1269,0.31,0.26,0.4,0.64,11,11,1,4,1,0,0,1
1270,0.95,0.38,0.7,0.01,10,6,1,4,1,0,2,1
1271,0.12,0.61,0.87,0.41,12,6,1,4,1,0,0,0
1272,0.67,0.25,0.42,0.92,11,5,1,4,1,0,0,0
1273,0.04,0.95,0.28,0.24,11,9,1,4,0,0,0,1
1274,0.01,0.46,0.9,0.77,11,10,1,4,2,2,0,0
1275,0.28,0.55,0.37,0.49,11,5,1,4,1,0,0,0
1276,0.99,0.03,0.4,0.62,11,6,1,4,1,0,1,0
1277,0.64,0.24,0.46,0.68,10,11,1,4,1,1,0,0
1278,0.34,0.49,0.41,0.92,11,2,1,4,1,0,0,0
1279,0.04,0.42,0.53,0.89,11,8,1,4,2,0,0,0
1280,0.37,0.73,0.99,0.48,11,4,1,4,1,0,0,0
1281,0.69,0.59,0.45,0.04,11,9,1,4,0,0,0,0
1282,0.57,0.38,0.4,0.1,11,11,1,4,1,0,0,0
1283,0.57,0.8,0.45,0.15,11,11,1,4,1,0,0,0
1284,0.38,0.34,0.36,0.39,11,7,1,4,0,0,0,0
1285,0.06,0.47,0.7,0.64,10,13,1,4,1,0,0,0
1286,0.27,0.43,0.19,0.35,11,2,1,4,1,0,0,1
1287,0.01,0.95,0.3,0.12,11,10,1,4,1,0,0,0
1288,0.49,0.97,0.03,0.01,11,14,1,4,0,0,0,1
1289,0.7,0.49,0.5,0.32,11,8,1,4,1,1,0,0
1290,0.46,0.86,0.97,0.95,11,3,1,4,1,0,0,0
1291,0.71,0.59,0.39,0.52,11,5,1,4,1,0,0,0
1292,0.19,0.23,0.07,0.68,11,12,1,4,0,0,0,0
1293,0.84,0.65,0.17,0.5,11,5,1,4,0,0,0,1
1294,0.48,0.95,0.06,0.8,11,9,1,4,1,0,2,0
1295,0.5,0.28,0.52,0.59,11,14,1,4,1,2,1,0
1296,0.49,0.5,0.4,0.54,11,0,1,4,1,0,0,0
1297,0.29,0.07,0.4,0.03,11,10,1,4,0,1,0,1
1298,0.64,0.62,0.43,0.03,11,5,1,4,1,0,1,0
1299,0.93,0.67,0.06,0.51,10,2,1,4,2,0,2,0
1300,0.76,0.16,0.9,0.46,11,9,6,4,1,0,0,0
1301,0.37,0.52,0.55,0.66,11,9,6,4,1,0,0,0
1302,0.35,0.72,0.85,0.19,11,9,6,4,2,0,0,0
1303,0.49,0.4,0.61,0.44,11,9,6,4,0,0,0,0
1304,0.67,0.43,0.2,0.31,12,0,6,4,1,0,0,1
1305,0.45,0.63,0.42,0.59,11,14,6,4,1,0,0,0
1306,0.49,0.72,0.54,0.21,11,0,6,4,1,0,0,0
1307,0.56,0.51,0.56,0.46,11,9,6,4,1,0,0,0
1308,0.67,0.35,0.29,0.62,11,9,6,4,1,0,0,0
1309,0.82,0.11,0.81,0.42,11,14,6,4,1,0,0,0
1310,0.31,0.28,0.89,0.52,10,8,6,4,1,0,1,0
1311,0.34,0.42,0.16,0.94,11,6,6,4,1,0,0,0
1312,0.01,0.49,0.98,0.6,11,5,6,4,1,0,0,0
1313,0.58,0.42,0.57,0.83,11,9,6,4,0,0,0,0
1314,0.09,0.64,0.55,0.18,11,13,6,4,2,0,1,0
1315,0.72,0.17,0.35,0.76,11,1,6,4,1,0,0,0
1316,0.54,0.5,0.39,0.67,11,3,6,4,1,0,0,0
1317,0.35,0.96,0.52,0.16,11,13,6,4,1,0,1,0
1318,0.4,0.42,0.93,0.43,11,13,6,4,1,0,0,0
1319,0.13,0.77,0.81,0.22,11,9,6,4,0,0,1,1
1320,0.71,0.26,0.55,0.97,11,8,6,4,1,0,0,1
1321,0.34,0.97,0.07,0.65,11,8,6,4,1,0,0,0
1322,0.63,0.74,0.0,0.78,11,13,6,4,0,2,0,0
1323,0.42,0.95,0.62,0.45,11,10,6,4,0,0,0,0
1324,0.16,0.72,0.39,0.24,11,6,6,4,2,1,0,0
1325,0.31,0.24,0.91,0.77,11,1,6,4,0,0,0,0
1326,0.69,0.36,0.56,0.66,10,0,6,4,1,0,0,0
1327,0.11,0.33,0.71,0.47,11,5,6,4,2,0,0,0
1328,0.33,0.2,0.43,0.36,11,6,6,4,0,0,0,1
1329,0.63,0.03,0.81,0.3,11,1,6,4,1,0,1,0
1330,0.29,0.59,0.53,0.19,11,12,6,4,1,0,1,1
1331,0.41,0.47,0.66,0.73,11,9,6,4,1,0,0,0
1332,0.16,0.51,0.29,0.15,11,12,6,4,1,1,0,0
1333,0.14,0.8,0.26,0.78,11,9,6,4,0,2,0,1
1334,0.51,0.65,0.62,0.76,11,10,6,4,1,0,0,0
1335,0.32,0.74,0.53,0.12,11,13,6,4,1,0,1,1
1336,0.43,0.5,0.77,0.81,10,1,6,4,0,0,0,0
1337,0.21,0.94,0.3,0.56,11,3,6,4,2,0,0,0
1338,0.38,0.46,0.13,0.41,11,8,6,4,1,0,0,0
1339,0.58,0.16,0.53,0.16,8,5,6,4,1,0,0,1
1340,0.98,0.2,0.42,0.65,11,10,6,4,1,0,0,0
1341,0.19,0.02,0.67,0.33,11,5,6,4,1,0,0,0
1342,0.02,0.5,0.85,0.57,11,12,6,4,2,0,0,0
1343,0.24,0.04,0.76,0.74,11,6,6,4,1,0,1,0
1344,0.52,0.38,0.44,0.85,11,8,6,4,0,1,0,0
1345,0.64,0.47,0.04,0.49,11,11,6,4,1,0,0,0
1346,0.1,0.05,0.2,0.5,11,9,6,4,1,1,0,0
1347,0.0,0.59,0.45,0.05,11,3,6,4,2,0,0,0
1348,0.46,0.43,0.53,0.58,11,5,6,4,1,0,0,0
1349,0.91,0.35,0.06,0.97,11,8,6,4,0,2,1,0
1350,0.39,0.33,0.93,0.24,11,14,6,4,1,0,0,0
1351,0.04,0.46,0.01,0.14,11,6,6,4,1,0,0,0
1352,0.11,0.75,0.73,0.46,11,9,6,4,0,0,0,0
1353,0.65,0.49,0.36,0.17,11,1,6,4,2,0,0,0
1354,0.99,0.52,0.44,0.48,10,4,6,4,0,0,0,0
1355,0.23,0.35,0.36,0.48,11,8,6,4,1,0,1,1
1356,0.53,0.68,0.53,0.15,11,0,6,4,1,0,0,1
1357,0.3,0.35,0.51,0.66,11,13,6,4,1,0,1,1
1358,0.68,0.26,0.72,0.65,11,3,6,4,0,0,0,0
1359,0.13,0.54,0.28,0.98,11,8,6,4,0,0,0,0
1360,0.88,0.86,0.46,0.27,11,7,6,4,1,0,0,0
1361,0.88,0.68,0.74,0.3,11,2,6,4,1,1,0,0
1362,0.93,0.49,0.37,0.24,10,1,6,4,2,0,0,0
1363,0.92,0.84,0.3,0.72,11,7,6,4,1,0,0,1
1364,0.23,0.49,0.14,0.83,11,4,6,4,2,0,0,0
1365,0.73,0.54,0.6,0.48,11,8,6,4,1,0,0,0
1366,0.77,0.26,0.67,0.09,11,7,6,4,1,0,0,0
1367,0.47,0.02,0.44,0.38,11,12,6,4,1,0,0,0
1368,0.7,0.95,0.26,0.9,11,10,6,4,1,0,0,0
1369,0.57,0.31,0.67,0.31,8,7,6,4,0,1,0,0
1370,0.56,0.16,0.44,0.65,11,3,6,4,1,0,0,0
1371,0.97,0.6,0.43,0.85,11,6,6,4,1,0,0,0
1372,0.47,0.23,0.01,0.55,11,3,6,4,1,2,1,0
1373,0.11,0.97,0.96,0.83,11,0,6,4,0,0,0,0
1374,0.01,0.09,0.9,0.98,11,9,6,4,1,0,1,0
1375,0.12,0.25,0.65,0.55,11,3,6,4,1,0,1,0
1376,0.78,0.72,0.39,0.76,11,11,6,4,1,0,0,0
1377,0.33,0.52,0.58,0.21,11,9,6,4,0,0,1,0
1378,0.61,0.48,0.45,0.71,11,1,6,4,1,0,0,0
1379,0.56,0.17,0.36,0.92,11,11,6,4,1,0,0,0
1380,0.86,0.46,0.06,0.05,11,11,6,4,1,0,0,0
1381,0.88,0.19,0.73,0.22,11,14,6,4,1,0,0,0
1382,0.23,0.78,0.66,0.01,11,2,6,4,1,0,2,0
1383,0.98,0.8,0.49,0.47,11,7,6,4,1,0,0,0
1384,0.53,0.25,0.24,0.26,11,9,6,4,1,2,1,0
1385,0.06,0.09,0.54,0.66,11,11,6,4,2,0,1,0
1386,0.55,0.48,0.37,0.84,11,4,6,4,1,0,0,1
1387,0.74,0.35,0.53,0.47,11,8,6,4,2,0,0,0
1388,0.5,0.6,0.46,0.96,11,8,6,4,1,0,0,1
1389,0.35,0.55,0.49,0.73,11,6,6,4,1,0,0,1
1390,0.16,0.01,0.21,1.0,11,9,6,4,0,0,0,0
1391,0.44,0.51,0.02,0.1,11,14,6,4,0,0,0,0
1392,0.74,0.03,0.9,0.93,11,12,6,4,1,0,0,0
1393,0.93,0.73,0.41,0.4,11,3,6,4,2,0,0,0
1394,0.9,0.5,0.3,0.94,11,5,6,4,1,0,0,0
1395,0.85,0.56,0.08,0.63,11,11,6,4,1,0,0,1
1396,0.69,0.04,0.48,0.53,11,10,6,4,0,0,0,0
1397,0.2,0.23,0.67,0.34,11,13,6,4,1,0,0,0
1398,0.66,0.5,0.49,0.95,11,7,6,4,1,0,0,0
1399,0.37,0.49,0.12,0.51,11,8,6,4,2,0,0,0
1400,0.56,0.37,0.41,0.27,12,2,2,4,1,1,0,0
1401,0.43,0.97,0.31,0.35,12,1,2,4,1,2,0,1
1402,0.63,0.35,0.01,0.88,12,3,2,4,1,2,2,1
1403,0.12,0.34,0.34,0.26,12,7,2,4,1,2,0,0
1404,0.78,0.72,0.25,0.24,12,9,2,4,1,2,1,0
1405,0.18,0.37,0.42,0.21,12,6,2,4,1,2,0,0
1406,0.62,0.37,0.78,0.78,12,1,2,4,1,2,0,0
1407,0.69,0.26,0.5,0.35,12,7,2,4,0,2,0,0
1408,0.77,0.63,0.15,0.54,12,9,2,4,0,2,0,1
1409,0.79,0.31,0.35,0.29,12,8,2,4,2,2,0,1
1410,0.63,0.52,0.57,0.72,12,6,2,4,2,2,0,0
1411,0.4,0.15,0.39,0.4,12,12,2,4,1,2,0,0
1412,0.93,0.31,0.18,0.44,12,10,2,4,0,2,0,0
1413,0.58,0.26,0.43,0.39,12,10,2,4,0,2,0,0
1414,0.19,0.15,0.78,0.15,12,7,2,4,1,2,0,0
1415,0.47,0.34,0.77,0.32,12,8,2,4,1,2,0,0
1416,0.79,0.35,0.77,0.38,11,14,2,4,0,2,0,0
1417,0.57,0.32,0.19,0.49,12,4,2,4,1,2,0,0
1418,0.8,0.04,0.55,0.27,12,11,2,4,1,2,0,0
1419,0.56,0.42,0.42,0.84,12,9,2,4,0,2,0,1
1420,0.98,0.54,0.35,0.89,12,4,2,4,1,1,0,1
1421,0.54,0.65,0.62,0.98,12,13,2,4,1,2,0,0
1422,0.84,0.39,0.63,0.61,12,8,2,4,1,2,0,0
1423,0.48,0.22,0.39,0.82,10,0,2,4,1,2,0,0
1424,0.44,0.4,0.64,0.09,12,8,2,4,0,1,0,0
1425,0.74,0.13,0.68,0.44,12,11,2,4,1,2,0,1
1426,0.13,0.64,0.42,0.53,12,5,2,4,0,2,0,0
1427,0.85,0.21,0.58,0.42,12,11,2,4,1,2,0,0
1428,0.44,0.49,0.92,0.64,12,7,2,4,1,1,0,0
1429,0.48,0.54,0.36,0.06,12,3,2,4,1,2,0,0
1430,0.13,0.78,0.38,0.71,12,11,2,4,1,1,0,1
1431,0.94,0.35,0.8,0.6,12,4,2,4,1,2,0,0
1432,0.2,0.89,0.86,0.75,12,1,2,4,1,2,2,1
1433,0.55,0.36,0.87,0.43,12,8,2,4,0,1,0,1
1434,0.5,0.98,0.42,0.55,12,10,2,4,0,2,2,0
1435,0.5,0.32,0.23,0.19,12,7,2,4,1,2,1,0
1436,0.4,0.76,0.39,0.25,11,3,2,4,0,2,0,0
1437,0.04,0.58,0.14,0.93,12,13,2,4,0,2,0,1
1438,0.66,0.51,0.93,0.53,12,4,2,4,1,2,0,1
1439,0.88,0.49,0.81,0.58,10,14,2,4,1,2,0,0
1440,0.64,0.84,0.38,0.87,12,8,2,4,0,2,1,0
1441,0.25,0.15,0.99,0.84,10,9,2,4,1,2,1,0
1442,0.39,0.44,0.57,0.41,12,10,2,4,0,2,0,0
1443,0.57,0.92,0.45,0.46,12,10,2,4,1,1,0,0
1444,0.45,0.75,0.46,0.3,12,13,2,4,1,2,0,0
1445,0.86,0.18,0.39,0.56,12,4,2,4,1,2,0,0
1446,0.26,0.06,0.31,0.35,12,3,2,4,0,2,2,0
1447,0.95,0.66,0.96,0.77,10,13,2,4,1,2,1,0
1448,0.07,0.21,0.77,0.35,12,12,2,4,0,2,0,0
1449,0.67,0.85,0.09,0.42,12,5,2,4,2,2,0,0
1450,0.01,0.53,0.42,0.21,12,10,2,4,0,2,0,0
1451,0.59,0.35,0.4,0.18,12,10,2,4,1,2,0,0
1452,0.89,0.48,0.7,0.12,10,5,2,4,0,2,0,1
1453,0.4,0.28,0.92,0.22,12,2,2,4,1,2,1,0
1454,0.18,0.49,0.9,0.81,11,1,2,4,1,0,0,0
1455,0.42,0.49,0.51,0.84,12,13,2,4,0,2,0,0
1456,0.67,0.37,0.34,0.74,12,5,2,4,1,1,0,0
1457,0.96,0.3,0.36,0.58,12,14,2,4,0,2,0,1
1458,0.58,0.11,0.65,0.53,12,11,2,4,0,2,2,0
1459,0.76,0.75,0.03,0.76,12,6,2,4,1,2,0,1
1460,0.56,0.85,0.52,0.67,10,4,2,4,0,2,0,0
1461,0.42,0.96,0.38,0.16,12,11,2,4,1,2,1,0
1462,0.51,0.84,0.64,0.49,12,12,2,4,1,2,0,0
1463,0.6,0.43,0.54,0.69,12,14,2,4,0,2,0,0
1464,0.48,0.14,0.74,0.03,12,12,2,4,1,2,0,0
1465,0.72,0.65,0.26,0.21,10,0,2,4,1,2,0,1
1466,0.64,0.63,0.62,0.39,12,9,2,4,1,2,0,0
1467,0.78,0.18,0.89,0.3,12,9,2,4,1,2,0,0
1468,0.38,0.25,0.92,0.09,12,3,2,4,1,2,0,0
1469,0.56,0.9,0.7,0.96,12,11,2,4,1,2,0,0
1470,0.6,0.2,0.62,0.58,12,2,2,4,0,2,0,0
1471,0.9,0.6,0.65,0.7,12,7,2,4,0,2,1,0
1472,0.29,0.36,0.4,0.37,12,7,2,4,0,2,0,0
1473,0.54,0.59,0.17,0.38,12,7,2,4,1,2,0,0
1474,0.18,0.08,0.32,0.93,11,2,2,4,2,2,1,0
1475,1.0,0.3,0.37,0.04,12,0,2,4,1,2,0,0
1476,0.75,0.47,0.34,0.92,11,8,2,4,1,2,0,1
1477,0.77,0.25,0.12,0.37,12,4,2,4,1,2,0,0
1478,0.73,0.23,0.14,0.1,12,5,2,4,1,2,0,0
1479,0.87,0.43,0.42,0.43,12,10,2,4,1,2,1,0
1480,0.45,0.53,0.58,0.48,12,14,2,4,1,2,0,1
1481,0.81,0.3,0.97,0.47,12,7,2,4,1,2,0,0
1482,0.69,0.74,0.76,0.59,12,8,2,4,1,2,0,1
1483,0.62,0.78,0.31,0.42,12,7,2,4,1,2,0,0
1484,0.8,0.88,0.01,0.28,12,7,2,4,1,2,0,0
1485,0.65,0.53,0.5,0.41,12,12,2,4,0,1,0,1
1486,0.21,0.4,0.38,0.65,12,9,2,4,0,2,0,1
1487,0.65,0.76,0.62,0.34,12,5,2,4,1,1,0,1
1488,0.91,0.24,0.21,0.47,12,12,2,4,1,2,1,1
1489,0.61,0.07,0.63,0.77,12,12,2,4,0,2,2,0
1490,0.31,0.41,0.37,0.66,12,1,2,4,1,2,0,0
1491,0.46,0.22,0.58,0.65,12,2,2,4,0,2,0,1
1492,0.92,0.74,0.96,0.83,12,14,2,4,0,2,0,1
1493,0.89,0.34,0.58,0.85,12,7,2,4,0,2,0,1
1494,0.81,0.28,0.35,0.78,12,1,2,4,0,2,0,0
1495,0.09,0.54,0.32,0.87,12,5,2,4,1,2,1,1
1496,0.46,0.22,0.43,0.14,12,12,2,4,1,2,2,0
1497,0.28,0.67,0.07,0.38,12,12,2,4,2,2,0,0
1498,0.27,0.78,0.3,0.68,12,8,2,4,0,2,0,0
1499,0.58,0.99,0.33,0.04,12,7,2,4,1,2,0,1
1500,0.36,0.52,0.35,0.59,12,5,5,4,1,0,0,0
1501,0.3,0.17,0.53,0.73,12,13,5,4,1,0,0,0
1502,0.1,0.92,0.23,0.48,12,3,5,4,1,0,0,0
1503,0.26,0.57,0.07,0.52,12,10,5,4,0,0,0,0
1504,0.3,0.16,0.59,0.15,12,7,5,4,1,2,1,0
1505,0.96,0.14,0.32,0.67,11,14,5,4,2,0,0,1
1506,0.71,0.62,0.71,0.38,12,12,5,4,2,0,0,0
1507,0.3,0.35,0.3,0.25,12,3,5,4,1,0,0,1
1508,0.95,0.6,0.36,0.62,11,10,5,4,1,1,0,0
1509,0.6,0.5,0.29,0.63,12,3,5,4,1,0,0,1
1510,0.58,0.28,0.39,0.03,12,12,5,4,0,1,0,0
1511,0.28,0.85,0.33,0.0,12,2,5,4,2,0,0,0
1512,0.17,0.85,0.33,0.56,12,7,5,4,2,0,0,1
1513,0.12,0.75,0.38,0.19,12,6,5,4,0,1,0,0
1514,0.2,0.49,0.38,0.73,12,7,5,4,1,0,0,1
1515,0.09,0.45,0.17,0.43,12,12,5,4,1,0,1,0
1516,0.58,0.15,0.11,0.03,12,11,5,4,1,0,0,0
1517,0.2,0.24,0.24,0.33,12,5,5,4,1,0,0,0
1518,0.76,0.53,0.28,0.29,12,4,5,4,1,0,0,0
1519,0.12,0.53,0.11,0.49,12,0,5,4,1,0,0,0
1520,0.67,0.4,0.44,0.78,12,10,5,4,1,0,0,0
1521,0.39,0.52,0.34,0.51,12,12,5,4,1,0,0,0
1522,0.31,0.82,0.68,0.83,12,0,5,4,1,0,2,1
1523,0.52,0.42,0.42,0.11,11,3,5,4,1,0,0,1
1524,0.57,0.0,0.5,0.75,10,0,5,4,1,0,1,1
1525,0.99,0.26,0.28,0.7,12,5,5,4,1,0,0,0
1526,0.74,0.89,0.36,0.88,12,4,5,4,1,0,0,0
1527,0.0,0.79,0.37,0.28,10,0,5,4,1,0,0,0
1528,0.98,0.41,0.37,0.28,11,8,5,4,1,1,0,1
1529,0.48,0.59,0.23,0.51,12,3,5,4,1,0,0,0
1530,0.94,0.59,0.28,0.68,12,4,5,4,1,0,0,1
1531,0.99,0.06,0.28,0.7,12,7,5,4,1,0,0,0
1532,0.64,0.38,0.25,0.18,12,0,5,4,2,0,0,1
1533,0.27,0.57,0.42,0.49,12,6,5,4,1,0,0,1
1534,0.83,0.48,0.1,0.6,12,6,5,4,0,0,0,1
1535,0.72,0.78,0.85,0.42,12,4,5,4,0,0,0,0
1536,0.38,0.21,0.77,0.29,10,9,5,4,1,2,0,0
1537,0.69,0.67,0.5,0.62,11,13,5,4,2,0,1,0
1538,0.46,0.38,0.48,0.58,12,9,5,4,1,0,0,0
1539,0.73,0.53,0.22,0.46,12,3,5,4,1,0,0,0
1540,0.37,0.52,0.29,0.96,12,9,5,4,1,0,1,0
1541,0.38,0.47,0.28,0.6,12,5,5,4,1,0,0,0
1542,0.71,0.73,0.02,0.7,12,12,5,4,1,0,0,0
1543,0.37,0.74,0.37,0.59,10,1,5,4,1,0,0,0
1544,0.61,0.53,0.3,0.49,12,13,5,4,0,0,0,0
1545,0.58,0.59,0.28,0.51,12,4,5,4,1,0,0,0
1546,0.03,0.6,0.29,0.44,12,11,5,4,0,0,0,0
1547,0.33,0.88,0.4,0.28,12,8,5,4,1,0,0,1
1548,0.57,0.47,0.27,0.55,12,2,5,4,1,0,0,1
1549,0.94,0.24,0.31,0.56,12,11,5,4,0,0,0,0
1550,0.98,0.81,0.83,0.64,12,0,5,4,0,0,0,1
1551,0.47,0.41,0.36,0.49,12,4,5,4,0,0,0,0
1552,0.92,0.01,0.43,0.49,12,14,5,4,1,0,1,0
1553,0.06,0.21,0.74,0.39,12,9,5,4,0,0,0,0
1554,0.68,0.42,0.54,0.53,12,10,5,4,2,2,1,0
1555,0.64,0.5,0.03,1.0,12,2,5,4,1,0,0,0
1556,0.15,0.76,0.44,0.4,12,13,5,4,0,0,0,0
1557,0.06,0.0,0.53,0.92,12,12,5,4,1,0,0,0
1558,0.03,0.41,0.25,0.73,12,6,5,4,2,0,0,0
1559,0.54,0.32,0.82,0.14,12,14,5,4,1,0,0,0
1560,0.66,0.24,0.23,0.39,12,0,5,4,1,0,0,0
1561,0.51,0.1,0.59,0.5,12,9,5,4,0,2,1,1
1562,0.75,0.9,0.38,0.87,11,10,5,4,1,0,1,1
1563,0.3,0.47,0.42,0.14,11,13,5,4,0,0,0,0
1564,0.21,0.51,0.43,0.76,12,8,5,4,1,0,0,0
1565,0.31,0.02,0.33,0.68,12,5,5,4,1,0,0,0
1566,0.75,0.35,0.45,0.83,11,14,5,4,1,0,1,1
1567,0.45,0.96,0.48,0.69,10,9,5,4,1,0,0,1
1568,0.24,0.61,0.14,0.7,11,10,5,4,2,0,0,1
1569,0.32,0.45,0.13,0.76,12,6,5,4,1,0,1,0
1570,0.79,0.46,0.58,0.25,11,9,5,4,0,0,0,1
1571,0.58,0.91,0.55,0.98,12,0,5,4,1,0,1,0
1572,0.74,0.02,0.39,0.85,12,8,5,4,0,0,0,0
1573,0.66,0.09,0.7,0.13,12,3,5,4,0,0,0,0
1574,0.76,0.29,0.89,0.35,12,1,5,4,2,0,1,0
1575,0.33,0.03,0.28,0.48,12,6,5,4,1,0,0,0
1576,0.93,0.9,0.43,0.24,11,8,5,4,1,0,0,1
1577,0.58,0.78,0.53,0.66,12,1,5,4,1,0,0,0
1578,0.91,0.01,0.67,0.39,11,11,5,4,0,0,0,0
1579,0.93,0.47,0.31,0.92,12,3,5,4,1,0,0,0
1580,0.88,0.72,0.42,0.29,12,13,5,4,1,0,0,0
1581,0.06,0.22,0.97,0.46,12,11,5,4,1,0,1,0
1582,0.52,0.44,0.33,0.23,12,7,5,4,0,0,0,0
1583,0.89,0.73,0.39,0.27,12,8,5,4,1,0,0,0
1584,0.73,0.2,0.4,0.65,12,8,5,4,0,0,0,0
1585,0.7,0.43,0.07,0.48,12,2,5,4,1,0,0,0
1586,0.58,0.17,0.27,0.46,12,12,5,4,1,0,0,1
1587,0.02,0.1,0.54,0.58,12,14,5,4,0,2,1,1
1588,0.64,0.53,0.43,0.99,12,2,5,4,1,0,0,0
1589,0.24,0.66,0.4,0.58,12,5,5,4,1,0,0,0
1590,0.43,0.23,0.41,0.59,12,13,5,4,1,0,0,0
1591,0.66,0.99,0.78,0.66,12,5,5,4,0,0,0,0
1592,0.76,0.7,0.38,0.29,12,8,5,4,1,1,0,1
1593,0.4,0.62,0.33,0.74,12,4,5,4,1,0,0,0
1594,0.12,0.8,0.33,0.37,12,1,5,4,1,0,0,1
1595,0.35,0.54,0.75,0.42,12,3,5,4,0,2,0,1
1596,0.4,0.09,0.4,0.69,12,8,5,4,2,0,0,1
1597,0.98,0.33,0.42,0.5,12,9,5,4,1,0,0,0
1598,0.87,0.02,0.36,0.49,12,14,5,4,0,0,0,0
1599,0.04,0.31,0.49,0.93,11,7,5,4,1,2,0,0
1600,0.75,0.44,0.56,0.19,13,2,3,4,1,0,0,0
1601,0.76,0.02,0.41,0.4,13,9,3,4,1,0,0,0
1602,0.66,0.45,0.11,0.15,13,12,3,4,1,0,0,0
1603,0.06,0.19,0.25,0.52,13,5,3,4,1,0,0,0
1604,0.39,0.48,0.22,0.34,13,4,3,4,0,0,0,0
1605,0.65,0.12,0.66,0.01,13,12,3,4,1,0,0,0
1606,0.47,0.63,0.26,0.73,13,12,3,4,1,0,1,0
1607,0.82,0.25,0.38,0.66,10,9,3,4,1,0,0,0
1608,0.72,0.01,0.36,0.18,13,5,3,4,1,0,1,0
1609,0.74,0.58,0.61,0.3,10,14,3,4,1,0,2,0
1610,0.56,0.58,0.39,0.9,10,3,3,4,1,0,1,0
1611,0.45,0.4,0.31,0.8,13,14,3,4,1,1,1,0
1612,0.51,0.31,0.96,0.7,13,7,3,4,0,0,0,0
1613,0.8,0.4,0.1,0.48,13,9,3,4,1,0,0,0
1614,0.14,0.78,0.11,0.11,11,8,3,4,1,2,0,1
1615,0.0,0.23,0.37,0.08,13,1,3,4,1,0,0,0
1616,0.27,0.69,0.31,0.43,13,5,3,4,2,0,0,0
1617,0.3,0.66,0.44,0.52,12,4,3,4,1,0,0,0
1618,0.12,0.68,0.43,0.32,10,10,3,4,1,0,0,0
1619,0.56,0.48,0.4,0.92,13,13,3,4,1,0,0,0
1620,0.35,0.76,0.15,0.53,13,6,3,4,0,0,0,0
1621,0.3,0.1,0.55,0.18,13,13,3,4,1,0,0,0
1622,0.05,0.7,0.52,0.37,13,9,3,4,2,0,1,1
1623,0.64,0.39,0.59,0.65,13,12,3,4,2,0,0,0
1624,0.57,0.67,0.53,0.75,13,8,3,4,0,0,0,0
1625,0.5,0.98,0.43,0.94,13,9,3,4,0,0,0,0
1626,0.53,0.66,0.21,0.61,13,7,3,4,1,0,0,0
1627,0.4,0.28,0.47,0.37,13,9,3,4,1,0,0,0
1628,0.57,0.4,0.03,0.73,13,7,3,4,0,0,0,0
1629,0.9,0.19,0.64,0.24,13,7,3,4,1,0,0,0
1630,0.59,0.82,0.15,0.0,13,2,3,4,0,0,3,0
1631,0.13,0.67,0.8,0.48,13,5,3,4,1,0,0,0
1632,0.2,0.87,0.46,0.01,13,14,3,4,1,0,1,0
1633,0.98,0.7,0.22,0.33,13,6,3,4,1,0,0,1
1634,0.67,0.49,0.33,0.02,10,12,3,4,2,0,0,0
1635,0.49,0.12,0.38,0.54,13,9,3,4,1,0,0,0
1636,0.1,1.0,0.35,0.22,11,6,3,4,0,2,0,0
1637,0.15,0.15,0.5,0.98,13,9,3,4,0,0,1,0
1638,0.66,0.66,0.42,0.85,10,6,3,4,0,0,0,1
1639,0.23,0.35,0.85,0.58,10,0,3,4,1,0,0,0
1640,0.56,0.49,0.12,0.9,9,10,3,0,1,0,0,0
1641,0.29,0.23,0.93,0.81,11,14,3,0,1,2,0,0
1642,0.85,0.44,0.1,0.93,13,8,3,0,2,2,1,0
1643,0.62,0.09,0.56,0.26,13,14,3,0,1,0,0,0
1644,0.45,0.06,0.33,0.64,13,4,3,0,0,2,0,0
1645,0.07,0.22,0.09,0.42,10,6,3,0,1,0,0,1
1646,0.89,0.28,0.44,0.06,10,8,3,0,1,2,1,1
1647,0.92,0.82,0.12,0.46,13,8,3,0,1,0,0,0
1648,0.14,0.11,0.81,0.87,13,8,3,0,1,2,0,0
1649,0.64,0.94,0.56,0.8,13,13,3,0,1,0,0,0
1650,0.42,0.37,0.25,0.53,13,1,3,0,1,0,3,0
1651,0.86,0.11,0.72,0.28,13,9,3,0,1,0,0,0
1652,0.46,0.27,0.42,0.43,9,7,3,0,1,0,1,0
1653,0.53,0.97,0.4,0.86,10,0,3,0,0,0,0,1
1654,0.69,0.59,0.39,0.83,13,6,3,0,0,0,0,0
1655,0.21,0.62,0.61,0.07,13,10,3,0,1,0,1,0
1656,0.09,0.88,0.35,0.65,10,8,3,0,1,0,0,0
1657,0.88,0.22,0.34,0.97,10,0,3,0,1,0,0,0
1658,0.61,0.17,0.8,0.84,13,8,3,0,1,2,0,0
1659,0.13,0.77,0.49,0.74,13,9,3,0,1,1,0,1
1660,0.78,0.6,0.5,0.71,13,6,3,0,0,0,0,0
1661,0.63,0.82,0.3,0.22,11,13,3,0,1,0,0,0
1662,0.02,0.67,0.54,0.35,13,2,3,0,0,1,0,1
1663,0.38,0.65,0.89,0.38,13,2,3,0,0,0,0,0
1664,0.7,0.74,0.65,0.45,13,12,3,0,0,0,2,0
1665,0.28,0.95,0.47,0.69,13,11,3,0,0,0,0,1
1666,0.73,0.49,0.42,0.41,13,14,3,0,1,0,0,1
1667,0.37,0.61,0.71,0.2,13,5,3,0,0,0,0,0
1668,0.23,0.7,0.42,0.38,10,4,3,0,2,0,1,0
1669,0.4,0.39,0.87,0.22,11,6,3,0,2,0,0,0
1670,0.78,0.65,0.3,0.13,13,7,3,0,1,0,0,0
1671,0.63,0.82,0.3,0.22,9,13,3,0,1,0,0,0
1672,0.35,0.57,0.28,0.15,13,5,3,0,0,0,0,0
1673,0.43,0.77,0.53,0.62,13,1,3,0,1,1,0,0
1674,0.02,0.85,0.3,0.52,13,7,3,0,0,0,0,0
1675,0.95,0.2,0.09,0.47,13,14,3,0,0,0,1,1
1676,0.74,0.47,0.27,0.82,13,9,3,0,1,0,0,0
1677,0.96,0.96,0.42,0.04,9,6,3,0,0,2,0,1
1678,0.49,0.4,0.44,0.06,13,14,3,0,1,1,0,1
1679,0.1,0.62,0.4,0.83,13,0,3,0,1,0,1,1
1680,0.73,0.29,0.28,0.59,13,3,3,0,1,0,0,0
1681,0.46,0.64,0.37,0.02,13,8,3,0,0,2,1,0
1682,0.54,0.71,0.16,0.91,13,8,3,0,0,2,0,0
1683,0.43,0.18,0.39,0.44,13,0,3,0,1,0,0,0
1684,0.65,0.26,0.32,0.95,11,12,3,0,1,2,0,1
1685,0.54,0.78,0.57,0.02,13,10,3,0,1,0,1,0
1686,0.16,0.89,0.68,0.64,11,14,3,0,1,0,1,1
1687,0.71,0.65,0.09,0.24,11,8,3,0,0,0,0,0
1688,0.5,0.82,0.93,0.26,13,7,3,0,1,0,1,0
1689,0.53,0.5,0.5,0.02,13,7,3,0,1,0,0,0
1690,0.78,0.53,0.47,0.68,13,10,3,0,1,0,0,0
1691,0.16,0.24,0.32,0.52,13,0,3,0,0,0,2,0
1692,0.1,0.24,0.4,0.93,13,2,3,0,1,0,0,0
1693,0.71,0.19,0.62,0.21,13,12,3,0,0,0,0,0
1694,0.74,0.18,0.67,0.35,13,8,3,0,2,0,0,0
1695,0.87,0.44,0.16,0.15,11,2,3,0,0,0,0,0
1696,0.28,0.66,0.35,0.62,13,9,3,0,0,0,0,0
1697,0.13,0.5,0.42,0.41,8,12,3,0,1,0,1,0
1698,0.3,0.97,0.51,0.64,13,14,3,0,1,0,0,0
1699,0.18,0.7,0.12,0.3,10,5,3,0,1,0,2,0
1700,0.62,0.56,0.44,0.49,13,7,6,0,1,3,1,0
1701,0.26,0.61,0.56,0.7,13,11,6,0,1,2,0,1
1702,0.79,0.46,0.79,0.48,13,4,6,0,0,2,0,0
1703,0.62,0.32,0.53,0.48,9,4,6,0,0,3,0,0
1704,0.99,0.8,0.43,0.56,13,2,6,0,1,3,1,0
1705,0.68,0.33,0.48,0.76,13,5,6,0,1,3,0,1
1706,0.5,0.34,0.34,0.05,10,10,6,0,1,3,0,0
1707,0.81,0.86,0.14,1.0,13,8,6,0,1,2,0,1
1708,0.6,0.13,0.4,0.94,13,2,6,0,1,3,0,1
1709,0.73,0.41,0.35,0.62,13,9,6,0,0,3,0,0
1710,0.98,0.06,0.59,0.8,10,10,6,0,0,3,1,0
1711,0.18,0.34,0.16,0.46,13,9,6,0,1,3,0,0
1712,0.5,0.44,0.52,0.85,13,13,6,0,0,3,0,0
1713,0.63,0.55,0.03,0.24,8,5,6,0,2,3,0,0
1714,0.6,0.21,0.32,0.44,12,7,6,0,0,3,0,0
1715,0.57,0.44,0.35,0.18,13,6,6,0,1,3,0,1
1716,0.49,0.22,0.57,0.56,13,14,6,0,0,3,0,0
1717,0.49,0.19,0.12,0.89,13,14,6,0,1,2,0,0
1718,0.69,0.55,0.43,0.83,13,7,6,0,1,3,0,0
1719,0.69,0.07,0.15,0.88,10,0,6,0,0,3,0,0
1720,0.69,0.25,0.46,0.7,13,7,6,2,1,3,0,0
1721,0.58,0.25,0.55,0.9,13,9,6,2,1,3,2,0
1722,0.35,0.09,0.67,0.29,12,11,6,2,1,3,0,0
1723,0.41,0.14,0.84,0.04,13,8,6,2,1,3,0,1
1724,0.29,0.55,0.37,0.41,10,5,6,2,1,3,0,0
1725,0.23,0.52,0.06,0.37,11,11,6,2,1,3,0,0
1726,0.74,0.18,0.43,0.79,12,11,6,2,1,3,0,1
1727,0.93,0.75,0.31,0.9,13,9,6,2,1,3,0,0
1728,0.37,0.27,0.02,0.66,13,8,6,2,0,2,0,0
1729,0.53,0.33,0.61,0.47,12,11,6,2,1,3,0,1
1730,0.08,0.5,0.25,0.39,11,5,6,2,2,3,0,0
1731,0.08,0.49,0.85,0.16,13,6,6,2,1,3,0,0
1732,0.97,1.0,0.61,0.35,13,13,6,2,1,3,0,0
1733,0.39,0.82,0.76,0.75,13,6,6,2,1,2,0,0
1734,0.66,0.29,0.16,0.64,11,7,6,2,2,3,0,0
1735,0.57,0.18,0.35,0.44,13,5,6,2,0,3,0,0
1736,0.33,0.35,0.5,0.51,13,3,6,2,2,3,0,0
1737,0.98,0.09,0.43,0.7,13,5,6,2,1,3,0,1
1738,0.64,0.53,0.42,0.67,9,7,6,2,0,3,0,0
1739,0.57,0.54,0.54,0.53,13,1,6,2,0,3,0,0
1740,0.67,0.17,0.55,0.59,13,6,6,2,1,3,0,1
1741,0.6,0.35,0.18,0.15,13,6,6,2,1,3,0,0
1742,0.43,0.91,0.67,0.68,13,14,6,2,1,3,0,0
1743,0.64,0.07,0.48,0.07,13,9,6,2,1,3,0,1
1744,0.27,0.83,0.54,0.24,13,9,6,2,1,2,0,0
1745,0.18,0.24,0.57,0.5,10,10,6,2,0,3,0,1
1746,0.54,0.49,0.69,0.71,9,14,6,2,1,3,0,0
1747,0.62,0.93,0.59,0.79,13,7,6,2,1,3,0,0
1748,0.58,0.39,0.45,0.12,13,8,6,2,1,1,2,1
1749,0.07,0.25,0.15,0.88,13,10,6,2,0,3,0,0
1750,0.61,0.46,0.38,0.99,9,1,6,2,1,3,0,0
1751,0.0,0.23,0.34,0.31,12,7,6,2,1,3,0,0
1752,0.49,0.91,0.58,0.98,13,12,6,2,1,3,0,0
1753,0.3,0.37,0.51,0.08,13,7,6,2,1,3,0,0
1754,0.58,0.36,0.88,0.59,13,11,6,2,2,1,0,1
1755,0.13,0.81,0.7,0.64,13,1,6,2,1,3,0,0
1756,0.76,1.0,0.46,0.1,12,6,6,2,1,2,0,0
1757,0.43,0.15,0.56,0.12,13,14,6,2,2,3,0,0
1758,0.55,0.24,0.46,0.6,13,8,6,2,1,2,0,0
1759,0.49,0.49,0.76,0.85,13,2,6,2,0,3,0,0
1760,0.4,0.59,0.6,0.61,11,9,6,2,1,3,1,0
1761,0.48,0.38,0.93,0.12,10,1,6,2,1,3,1,0
1762,0.95,0.32,0.69,0.73,12,7,6,2,1,3,0,0
1763,0.63,0.95,0.53,0.93,13,8,6,2,0,2,0,1
1764,0.92,0.6,0.59,0.07,13,14,6,2,0,3,2,1
1765,0.69,0.34,0.54,0.5,13,4,6,2,0,3,0,1
1766,0.96,0.04,0.46,0.64,12,5,6,2,1,2,0,0
1767,0.73,0.5,0.14,0.17,13,11,6,2,1,3,0,0
1768,0.2,0.82,0.35,0.28,11,8,6,2,2,3,0,0
1769,0.48,0.36,0.51,0.16,13,14,6,2,1,3,0,0
1770,0.32,0.91,0.96,0.32,11,2,6,2,1,3,0,0
1771,0.65,0.34,0.28,0.98,13,3,6,2,0,1,0,1
1772,0.56,0.01,0.37,0.69,13,10,6,2,1,3,0,0
1773,0.23,0.69,0.67,0.77,10,14,6,2,2,3,2,0
1774,0.67,0.09,0.56,0.61,11,9,6,2,1,3,1,1
1775,0.31,0.33,0.5,0.92,13,10,6,2,0,2,0,0
1776,0.87,0.11,0.31,0.35,13,4,6,2,0,3,0,0
1777,0.29,0.06,0.59,0.35,13,13,6,2,1,3,0,0
1778,0.83,0.06,0.41,0.5,13,3,6,2,1,2,0,0
1779,0.74,0.6,0.31,0.35,13,9,6,2,1,2,0,0
1780,0.64,0.25,0.93,0.24,13,4,6,2,1,3,0,1
1781,0.74,0.73,0.81,0.27,13,7,6,2,1,3,0,1
1782,0.05,0.78,0.7,0.04,13,11,6,2,0,3,0,1
1783,0.09,0.98,0.57,0.53,13,0,6,2,1,3,0,0
1784,0.15,0.82,0.6,1.0,13,12,6,2,0,3,1,0
1785,0.79,0.86,0.36,0.31,13,8,6,2,0,3,0,0
1786,0.93,0.33,0.67,0.02,13,7,6,2,1,3,0,0
1787,0.86,0.07,0.32,0.79,13,5,6,2,1,3,0,0
1788,0.42,0.92,0.37,0.88,13,5,6,2,1,1,2,0
1789,0.59,0.27,0.54,0.89,9,2,6,2,1,2,0,1
1790,0.58,0.65,0.35,0.14,13,3,6,2,1,3,0,0
1791,0.45,0.3,0.96,0.25,11,11,6,2,1,3,0,0
1792,0.16,0.88,0.97,0.27,11,14,6,2,0,3,0,0
1793,0.24,0.24,0.25,0.88,13,13,6,2,1,3,0,1
1794,0.43,0.64,0.78,0.62,10,0,6,2,0,3,1,0
1795,0.14,0.91,0.54,0.54,13,10,6,2,0,3,0,0
1796,0.63,0.42,0.4,0.18,13,7,6,2,1,3,0,0
1797,0.3,0.08,0.32,0.73,13,5,6,2,1,3,0,0
1798,0.63,0.38,0.23,0.95,10,2,6,2,1,3,0,0
1799,0.67,0.71,0.02,0.41,13,8,6,2,0,3,0,0
1800,0.17,0.82,0.03,0.63,14,6,4,3,0,0,3,0
1801,0.75,0.55,0.42,0.12,10,2,4,3,1,0,3,0
1802,0.75,0.65,0.76,0.19,13,7,4,3,0,0,3,0
1803,0.73,0.93,0.62,0.3,11,8,4,3,1,0,1,0
1804,0.61,0.0,0.35,0.84,14,9,4,3,2,2,3,0
1805,0.68,0.99,0.46,0.62,14,8,4,3,1,0,3,0
1806,0.44,0.44,0.3,0.05,14,2,4,3,1,0,3,0
1807,0.54,0.65,0.75,0.89,14,13,4,3,1,1,3,0
1808,0.09,0.68,0.27,0.03,14,8,4,3,1,0,2,0
1809,0.48,0.61,0.62,0.57,14,5,4,3,0,0,3,0
1810,0.88,0.39,0.51,0.33,14,10,4,3,1,0,3,0
1811,0.46,0.17,0.36,0.87,14,3,4,3,1,0,3,0
1812,0.71,0.34,0.62,0.55,10,10,4,3,1,0,3,1
1813,0.67,0.9,0.72,0.63,13,4,4,3,1,0,3,0
1814,0.01,0.64,0.47,0.6,14,8,4,3,1,0,3,0
1815,0.53,0.68,0.33,0.31,14,11,4,3,1,0,3,0
1816,0.89,0.19,0.47,0.42,14,9,4,3,1,0,3,0
1817,0.84,0.53,0.22,0.47,14,10,4,3,1,0,1,0
1818,0.48,0.8,0.94,0.57,7,13,4,3,0,0,3,1
1819,0.87,0.59,0.38,0.01,13,9,4,3,1,0,1,0
1820,0.66,0.1,0.91,0.98,14,5,4,3,0,0,1,0
1821,0.38,1.0,0.79,0.41,14,9,4,3,1,0,1,0
1822,0.48,0.41,0.16,0.61,14,6,4,3,1,0,1,0
1823,0.72,0.87,0.43,0.11,14,9,4,3,0,0,3,1
1824,0.35,0.42,0.51,0.87,14,12,4,3,1,0,3,0
1825,0.46,0.51,0.69,0.48,10,0,4,3,0,0,3,0
1826,0.45,0.71,0.99,0.91,14,8,4,3,1,0,2,1
1827,0.54,0.81,0.71,0.51,14,8,4,3,1,0,3,1
1828,0.09,1.0,0.27,0.37,14,8,4,3,1,0,3,1
1829,0.21,0.56,0.86,0.9,14,5,4,3,2,0,3,0
1830,0.3,0.37,0.52,0.76,12,14,4,3,1,1,3,0
1831,0.65,0.75,0.34,0.87,13,8,4,3,1,0,3,1
1832,0.85,0.56,0.59,0.83,14,11,4,3,2,0,3,0
1833,0.64,0.27,0.44,0.43,14,1,4,3,0,0,1,0
1834,0.52,0.95,0.37,0.66,5,13,4,3,0,0,0,0
1835,0.33,0.02,0.92,0.38,14,10,4,3,2,0,3,0
1836,0.07,0.72,0.97,0.43,14,8,4,3,0,0,3,0
1837,0.48,0.56,0.33,0.04,14,2,4,3,1,0,3,0
1838,0.51,0.42,0.84,0.1,14,11,4,3,0,0,3,1
1839,0.4,0.05,0.85,0.35,14,2,4,3,2,0,3,0
1840,0.25,0.61,0.98,0.48,12,10,4,3,1,0,3,0
1841,0.38,0.47,0.53,0.74,14,5,4,3,1,0,3,0
1842,0.36,0.7,0.23,0.53,14,2,4,3,2,0,3,0
1843,0.88,0.5,0.37,0.9,14,5,4,3,1,0,3,0
1844,1.0,0.55,0.58,0.59,14,7,4,3,0,0,2,0
1845,0.67,0.32,0.9,0.78,14,13,4,3,0,0,3,1
1846,0.62,0.01,0.75,0.0,14,3,4,3,1,1,3,1
1847,0.39,0.65,0.29,0.33,14,4,4,3,1,0,3,0
1848,0.96,0.72,0.26,0.58,14,7,4,3,1,0,3,0
1849,0.52,0.19,0.82,0.7,11,14,4,3,1,0,1,1
1850,0.65,0.45,0.71,0.76,11,8,4,3,1,0,1,0
1851,0.13,0.45,0.22,0.84,14,1,4,3,1,0,3,0
1852,0.28,0.28,0.5,0.35,14,10,4,3,1,0,1,0
1853,0.41,0.32,0.36,0.2,14,1,4,3,0,0,3,1
1854,0.5,0.71,0.62,0.47,14,4,4,3,1,2,3,0
1855,0.51,0.51,0.01,0.1,14,4,4,3,0,0,1,0
1856,0.65,0.5,0.54,0.03,14,14,4,3,1,0,1,0
1857,0.4,0.59,0.12,0.32,14,5,4,3,2,0,3,0
1858,0.73,0.8,0.4,0.04,14,9,4,3,1,0,3,0
1859,0.0,0.73,0.52,0.2,14,1,4,3,1,0,3,0
1860,0.27,0.66,0.49,0.5,14,9,4,3,0,0,3,0
1861,0.19,0.38,0.05,0.59,13,2,4,3,0,0,2,0
1862,0.86,0.59,0.65,0.64,14,12,4,3,1,1,3,1
1863,0.35,0.76,0.13,0.65,14,11,4,3,0,0,3,0
1864,0.89,0.69,0.6,0.0,14,9,4,3,0,0,3,0
1865,0.97,0.84,0.49,0.64,14,8,4,3,1,0,3,1
1866,0.2,0.03,0.08,0.42,14,12,4,3,1,0,3,0
1867,0.03,0.56,0.23,0.07,14,14,4,3,1,0,3,0
1868,0.66,0.56,0.75,0.33,14,12,4,3,1,0,3,1
1869,0.07,0.8,0.46,0.3,13,8,4,3,1,0,3,0
1870,0.13,0.56,0.44,0.02,11,12,4,3,1,0,3,0
1871,0.59,0.57,0.7,0.5,14,8,4,3,0,0,3,1
1872,0.07,0.5,0.12,0.5,11,0,4,3,0,0,3,0
1873,0.84,0.77,0.38,0.23,13,7,4,3,0,0,3,0
1874,0.69,0.17,0.19,1.0,14,1,4,3,1,1,2,0
1875,0.55,0.89,0.87,0.21,14,11,4,3,1,0,3,0
1876,0.55,0.29,0.36,0.59,13,10,4,3,2,0,3,0
1877,0.42,0.51,0.57,0.92,14,0,4,3,0,0,3,0
1878,0.52,0.37,0.22,0.34,11,10,4,3,0,0,1,0
1879,0.65,0.53,0.86,0.2,14,2,4,3,1,0,3,0
1880,0.96,0.31,0.07,0.01,14,2,4,3,1,0,3,0
1881,0.24,0.5,0.28,0.16,14,1,4,3,1,0,3,0
1882,0.43,0.74,0.76,0.34,14,8,4,3,1,0,3,1
1883,0.52,0.52,0.79,0.31,11,4,4,3,2,2,3,1
1884,0.72,0.95,0.41,0.68,14,8,4,3,1,0,3,0
1885,0.62,0.5,0.38,0.54,14,5,4,3,1,0,3,0
1886,0.26,0.31,0.47,0.73,14,5,4,3,0,0,3,0
1887,0.51,0.39,0.41,0.3,14,9,4,3,2,1,0,0
1888,0.18,0.61,0.66,0.94,11,14,4,3,1,0,2,0
1889,0.53,0.18,0.98,0.56,14,10,4,3,0,0,3,1
1890,0.23,0.21,0.5,0.27,14,9,4,3,1,2,3,1
1891,0.51,0.38,0.55,0.85,11,11,4,3,0,0,3,0
1892,0.76,0.96,0.38,0.66,13,8,4,3,1,0,3,1
1893,0.85,0.91,0.52,0.74,14,11,4,3,1,0,3,1
1894,0.6,0.14,0.36,0.9,14,2,4,3,0,0,1,0
1895,0.34,0.43,0.14,0.53,14,2,4,3,1,0,3,0
1896,0.42,0.48,0.45,0.89,12,0,4,3,0,0,3,1
1897,0.36,0.72,0.55,0.81,14,14,4,3,0,0,3,0
1898,0.58,0.87,0.25,0.72,11,14,4,3,1,0,3,0
1899,0.49,0.51,0.54,0.71,14,11,4,3,2,0,1,0
1900,0.68,0.55,0.39,0.05,14,9,6,6,1,0,1,0
1901,0.96,0.49,0.66,0.68,14,9,6,6,1,0,3,1
1902,0.73,0.66,0.47,0.74,14,3,6,6,1,0,3,0
1903,0.57,0.75,0.2,0.08,10,9,6,6,1,0,3,0
1904,0.26,0.32,0.35,0.7,14,2,6,6,0,0,3,0
1905,0.91,0.16,0.34,0.53,11,9,6,6,0,2,1,0
1906,0.5,0.31,0.33,0.22,11,8,6,6,0,0,1,0
1907,0.68,0.18,0.97,0.84,14,12,6,6,1,0,3,0
1908,0.17,0.69,0.44,0.89,10,4,6,6,1,0,3,0
1909,0.93,0.54,0.29,0.88,14,4,6,6,0,0,3,1
1910,0.9,0.89,0.36,0.7,14,1,6,6,0,0,3,0
1911,0.63,0.22,0.66,0.58,14,8,6,6,1,0,3,0
1912,0.24,0.17,0.48,0.34,14,10,6,6,1,0,3,0
1913,0.68,0.34,0.95,0.93,14,4,6,6,1,0,3,0
1914,0.47,0.46,0.28,0.53,14,4,6,6,0,0,3,0
1915,0.42,0.97,0.89,0.83,11,5,6,6,0,0,1,0
1916,0.73,0.19,0.88,0.31,14,7,6,6,0,0,3,0
1917,0.65,0.29,0.39,0.93,14,8,6,6,1,0,3,0
1918,0.74,0.37,0.87,0.62,14,10,6,6,1,0,3,0
1919,0.44,0.5,0.49,0.87,14,8,6,6,1,0,3,0
1920,0.39,0.0,0.5,0.71,14,12,6,5,1,0,0,0
1921,0.4,0.22,0.41,0.57,12,8,6,5,1,0,3,0
1922,0.06,0.01,0.41,0.13,11,9,6,5,0,0,3,1
1923,0.94,0.0,0.5,0.51,14,10,6,5,1,0,3,1
1924,0.91,0.64,0.28,0.7,14,10,6,5,1,0,1,0
1925,0.29,0.72,0.01,0.75,11,9,6,5,1,0,3,0
1926,0.34,0.79,0.81,0.44,14,9,6,5,1,0,3,0
1927,0.54,0.1,0.99,0.43,11,9,6,5,1,0,3,0
1928,0.53,0.66,0.98,0.14,11,9,6,5,0,0,3,0
1929,0.36,0.18,0.25,0.55,14,8,6,5,1,0,3,1
1930,0.47,0.17,0.66,0.02,12,14,6,5,1,0,1,0
1931,0.44,0.49,0.27,0.18,14,4,6,5,1,0,0,0
1932,0.91,0.0,0.5,0.85,14,10,6,5,0,0,1,0
1933,0.0,0.75,0.02,0.08,14,6,6,5,2,0,3,0
1934,0.89,0.6,0.3,0.92,14,5,6,5,1,0,3,1
1935,0.26,0.93,0.43,0.26,14,5,6,5,1,0,3,0
1936,0.14,0.1,0.78,0.6,14,0,6,5,0,0,3,0
1937,0.09,0.6,0.63,0.53,14,5,6,5,1,0,3,0
1938,0.54,0.6,0.72,0.25,12,8,6,5,1,0,1,0
1939,0.04,0.94,0.87,0.51,14,9,6,5,1,0,3,1
1940,0.18,0.07,0.45,0.65,12,8,6,6,0,0,3,0
1941,0.86,0.25,0.45,0.74,14,3,6,6,1,2,1,0
1942,0.45,0.55,0.39,0.49,14,8,6,6,2,0,3,0
1943,0.96,0.67,0.36,0.12,14,2,6,6,2,0,0,1
1944,0.59,0.41,0.41,0.47,14,8,6,6,1,0,3,0
1945,0.69,0.51,0.3,0.32,11,6,6,6,0,2,3,1
1946,0.49,0.71,0.36,0.38,14,2,6,6,0,0,1,0
1947,0.66,0.4,0.91,0.34,14,9,6,6,2,0,2,0
1948,0.53,0.19,0.35,0.44,14,2,6,6,1,0,0,0
1949,0.75,0.68,0.41,0.16,11,11,6,6,1,0,0,1
1950,0.63,0.88,0.68,0.75,14,10,6,6,2,0,3,0
1951,0.15,0.99,0.41,0.92,14,9,6,6,1,0,3,1
1952,0.94,0.53,0.28,0.63,11,9,6,6,1,0,3,0
1953,0.22,0.71,0.46,0.87,14,9,6,6,0,0,1,0
1954,0.0,0.55,0.89,0.86,14,9,6,6,1,0,1,0
1955,0.39,0.6,0.64,0.12,14,5,6,6,2,0,3,0
1956,0.38,0.52,0.31,0.64,14,3,6,6,1,0,0,1
1957,0.21,0.89,0.36,0.47,14,1,6,6,1,0,3,1
1958,0.63,0.02,0.42,0.89,14,13,6,6,1,2,3,0
1959,0.49,0.99,0.54,0.57,9,0,6,6,1,1,3,1
1960,0.03,0.73,0.53,0.53,14,13,6,8,1,0,1,1
1961,0.31,0.51,0.09,0.38,14,9,6,8,1,0,1,0
1962,0.74,0.75,0.41,0.72,14,3,6,8,1,0,0,0
1963,0.38,0.13,0.26,0.83,11,9,6,8,0,2,1,0
1964,0.93,0.95,0.23,0.41,14,3,6,8,0,0,1,0
1965,0.47,0.05,0.38,0.39,14,6,6,8,0,0,1,0
1966,0.48,0.7,0.49,0.59,14,11,6,8,2,0,3,0
1967,0.62,0.59,0.04,0.16,8,2,6,8,0,0,3,1
1968,0.8,0.46,0.53,0.2,10,3,6,8,1,0,0,0
1969,0.39,0.51,0.12,0.19,14,14,6,8,0,1,3,0
1970,0.38,0.29,0.5,0.3,14,13,6,8,1,0,3,1
1971,0.17,0.58,0.36,0.4,14,3,6,8,1,1,3,0
1972,0.64,0.13,0.4,0.36,11,7,6,8,1,0,0,0
1973,0.58,0.31,0.29,0.13,14,3,6,8,1,0,3,1
1974,0.53,0.03,0.64,0.54,14,14,6,8,1,0,3,0
1975,0.03,0.54,0.72,0.07,14,3,6,8,1,0,1,0
1976,0.06,0.1,0.6,0.62,14,2,6,8,1,2,3,0
1977,0.94,0.12,0.28,0.98,11,13,6,8,1,2,1,1
1978,0.75,0.3,0.87,0.19,14,10,6,8,0,0,3,0
1979,1.0,0.18,0.64,0.57,10,0,6,8,1,0,3,0
1980,0.72,0.14,0.35,0.65,14,8,6,1,0,1,3,1
1981,0.46,0.47,0.65,0.49,14,3,6,1,0,0,3,0
1982,0.59,0.53,0.52,0.28,10,11,6,1,1,0,1,0
1983,0.52,0.02,0.39,0.61,14,7,6,1,1,0,0,0
1984,0.72,0.4,0.24,0.15,14,6,6,1,2,0,3,0
1985,0.7,0.88,0.7,0.96,14,7,6,1,0,2,1,0
1986,0.52,0.06,0.52,0.19,14,0,6,1,1,0,3,1
1987,0.3,0.18,0.59,0.91,14,14,6,1,1,1,3,0
1988,0.45,0.49,0.04,0.95,14,10,6,1,0,0,3,0
1989,0.9,0.84,0.7,0.72,14,0,6,1,0,0,3,0
1990,0.11,0.71,0.37,0.34,14,0,6,1,0,0,3,0
1991,0.69,0.37,0.46,0.12,14,9,6,1,1,0,3,1
1992,0.06,0.46,0.8,0.59,14,6,6,1,0,0,1,0
1993,0.62,0.58,0.77,0.62,14,13,6,1,0,2,1,1
1994,0.46,0.24,0.21,0.8,11,13,6,1,1,0,3,1
1995,0.69,0.4,0.3,0.21,14,1,6,1,0,0,0,0
1996,0.54,0.78,0.75,0.29,14,14,6,1,1,0,1,0
1997,0.43,0.66,0.55,0.56,14,7,6,1,1,0,3,0
1998,0.81,0.84,0.41,0.35,10,0,6,1,1,0,3,0
1999,0.51,0.55,0.3,0.73,14,1,6,1,0,0,3,0
2000,0.08,0.78,0.55,0.02,8,9,4,2,1,2,0,1
2001,0.08,0.16,0.42,0.12,9,4,4,2,1,3,0,0
2002,0.37,0.72,0.53,0.69,8,4,4,2,1,3,0,0
2003,0.1,0.35,0.91,0.33,8,2,4,2,1,3,0,0
2004,0.67,0.18,0.74,0.07,4,11,4,2,0,3,0,0
2005,0.98,0.2,0.03,0.11,10,13,4,2,0,3,1,0
2006,0.94,0.61,0.81,0.36,8,14,4,2,0,3,1,0
2007,0.39,0.11,0.78,0.75,8,13,4,2,1,3,0,0
2008,0.48,0.89,0.96,0.93,8,0,4,2,1,3,0,0
2009,0.31,0.41,0.04,0.45,8,14,4,2,0,3,0,0
2010,0.66,0.24,0.42,0.2,8,0,4,2,1,3,0,0
2011,0.06,0.82,0.84,0.44,8,0,4,2,1,3,1,1
2012,0.98,0.35,0.11,0.79,8,7,4,2,0,3,0,0
2013,0.51,0.27,0.09,0.88,8,2,4,2,1,3,0,0
2014,0.32,0.91,0.48,0.26,8,9,4,2,1,3,0,0
2015,0.39,0.48,0.44,0.91,8,8,4,2,0,3,0,0
2016,0.41,0.47,0.78,0.89,10,8,4,2,1,3,0,0
2017,0.53,0.53,0.84,0.31,8,9,4,2,1,3,0,0
2018,0.08,0.19,0.27,0.03,10,10,4,2,1,3,0,0
2019,0.7,0.99,0.26,0.38,8,5,4,2,2,3,0,1
2020,0.8,0.4,0.39,0.38,8,8,4,2,1,2,0,1
2021,0.22,0.75,0.71,0.74,8,11,4,2,0,3,0,1
2022,0.58,0.54,0.76,0.0,8,4,4,2,1,3,0,0
2023,0.36,0.44,0.27,0.17,8,0,4,2,0,1,0,0
2024,0.23,0.04,0.53,0.32,8,9,4,2,0,3,0,0
2025,0.62,0.11,0.96,0.42,8,9,4,2,1,3,0,1
2026,0.45,0.36,0.14,0.69,8,8,4,2,1,2,0,1
2027,0.75,0.15,0.07,0.27,9,9,4,2,0,3,0,0
2028,0.44,0.4,0.31,0.61,8,8,4,2,1,3,0,1
2029,0.67,0.06,0.27,0.06,8,5,4,2,1,1,0,0
2030,0.19,0.89,0.7,0.93,10,8,4,2,2,3,0,0
2031,0.42,0.42,0.88,0.93,7,13,4,2,1,2,0,0
2032,0.57,0.58,0.42,0.63,7,4,4,2,1,3,0,0
2033,0.09,0.18,0.72,0.12,10,10,4,2,0,2,1,0
2034,0.59,0.51,0.99,0.86,9,3,4,2,1,3,0,1
2035,0.73,0.22,0.55,0.63,8,9,4,2,1,3,0,0
2036,0.5,0.28,0.59,0.84,11,13,4,2,2,1,1,0
2037,0.65,0.38,0.19,0.69,8,9,4,2,1,3,0,0
2038,0.45,0.67,0.57,0.45,8,4,4,2,1,3,0,0
2039,0.63,0.71,0.3,0.69,7,7,4,2,2,3,0,1
2040,0.66,0.58,0.98,0.51,8,10,4,2,1,1,0,1
2041,0.55,0.44,0.83,0.88,8,9,4,2,0,3,0,1
2042,0.63,0.63,0.54,0.52,8,10,4,2,1,3,0,0
2043,0.58,0.39,0.46,0.2,8,8,4,2,1,1,0,0
2044,0.3,0.13,0.51,0.12,8,2,4,2,1,3,0,0
2045,0.54,0.23,0.25,0.75,8,6,4,2,0,3,0,0
2046,0.74,0.96,0.37,0.22,8,5,4,2,1,3,1,0
2047,0.65,0.97,0.93,0.47,9,4,4,2,1,3,1,0
2048,0.31,0.41,0.74,0.42,8,14,4,2,0,3,0,0
2049,0.35,0.12,0.42,0.88,8,9,4,2,2,3,1,0
2050,0.55,1.0,0.64,0.85,8,11,4,2,1,3,0,0
2051,1.0,0.2,0.42,0.34,8,8,4,2,0,3,0,0
2052,0.75,0.44,0.44,0.57,7,0,4,2,0,3,0,0
2053,0.47,0.01,0.53,0.03,8,13,4,2,1,2,0,0
2054,0.82,0.26,0.36,0.04,7,7,4,2,0,3,0,0
2055,0.6,0.08,0.55,0.47,8,5,4,2,0,3,0,0
2056,0.04,0.08,0.34,0.92,8,7,4,2,0,3,0,0
2057,0.73,0.41,0.37,0.62,9,9,4,2,1,3,1,1
2058,0.58,0.55,0.18,0.69,8,8,4,2,0,2,0,0
2059,0.57,0.02,0.49,0.26,8,1,4,2,0,3,0,1
2060,0.48,0.81,0.45,0.58,8,0,4,2,1,3,0,0
2061,0.95,0.27,0.92,0.86,10,12,4,2,0,3,1,0
2062,0.68,0.93,0.45,0.59,8,8,4,2,1,3,0,0
2063,0.29,0.46,0.33,0.87,9,3,4,2,2,3,0,0
2064,0.08,0.91,0.39,0.15,8,1,4,2,0,3,0,1
2065,0.71,0.55,0.58,0.69,9,11,4,2,1,1,1,1
2066,0.82,0.08,0.66,0.76,8,14,4,2,0,0,2,0
2067,0.69,0.66,0.46,0.86,8,6,4,2,1,3,0,0
2068,0.76,0.32,0.72,0.34,8,4,4,2,1,3,0,0
2069,0.03,0.7,0.42,0.29,9,9,4,2,1,3,0,0
2070,0.02,0.76,0.49,0.82,8,5,4,2,1,3,1,0
2071,0.22,0.38,0.38,0.66,8,8,4,2,2,3,0,0
2072,0.6,0.52,0.48,0.1,8,3,4,2,0,2,0,1
2073,0.94,0.16,0.34,0.36,8,6,4,2,0,3,0,0
2074,0.0,0.66,0.7,0.76,8,4,4,2,1,3,0,0
2075,0.74,0.76,0.37,0.71,8,6,4,2,0,3,0,1
2076,0.95,0.51,0.52,0.87,8,9,4,2,1,2,0,1
2077,0.54,0.86,0.58,0.88,8,8,4,2,1,3,0,1
2078,0.61,0.37,0.61,0.81,8,8,4,2,0,3,0,0
2079,0.23,0.71,0.5,0.33,8,5,4,2,1,1,1,1
2080,0.51,0.28,0.5,0.86,8,5,4,2,0,3,0,1
2081,0.93,0.99,0.53,0.77,8,8,4,2,2,3,0,0
2082,0.11,0.87,0.5,0.45,8,10,4,2,0,3,0,1
2083,0.88,0.85,0.6,0.94,8,8,4,2,1,3,1,1
2084,0.15,0.15,0.38,0.75,8,7,4,2,0,3,0,0
2085,0.59,0.54,0.5,0.34,8,8,4,2,2,2,1,1
2086,0.94,0.11,0.49,0.93,8,9,4,2,0,1,1,0
2087,0.27,0.4,0.23,0.17,8,1,4,2,1,1,1,0
2088,0.85,0.54,0.76,0.73,8,8,4,2,1,3,0,1
2089,0.25,0.75,0.53,0.97,8,8,4,2,0,3,1,0
2090,0.21,0.23,0.07,0.46,11,13,4,2,1,3,1,0
2091,0.59,0.44,0.41,0.23,8,7,4,2,0,2,0,0
2092,0.36,0.21,0.49,0.04,8,11,4,2,1,1,0,0
2093,0.58,0.96,0.43,0.02,8,8,4,2,0,3,0,0
2094,0.54,0.37,0.73,0.29,8,1,4,2,0,3,0,0
2095,0.67,0.49,0.25,0.15,8,8,4,2,1,3,0,0
2096,0.7,0.65,0.64,0.73,7,3,4,2,1,1,0,1
2097,0.72,0.44,0.86,0.57,8,7,4,2,1,3,0,0
2098,0.37,0.72,0.56,0.69,8,4,4,2,1,3,0,0
2099,0.01,0.45,0.59,0.64,8,8,4,2,1,3,0,0
2100,0.86,0.08,0.32,0.01,9,8,6,2,1,0,1,0
2101,0.52,0.94,0.09,0.43,9,1,6,2,0,2,0,1
2102,0.48,0.04,0.52,0.34,10,13,6,2,2,0,0,0
2103,0.96,0.55,0.39,0.89,11,14,6,2,0,0,0,0
2104,0.37,0.34,0.59,0.4,8,2,6,2,2,0,0,0
2105,0.3,0.49,0.42,0.37,9,9,6,2,1,1,0,1
2106,0.88,0.19,0.64,0.22,10,8,6,2,0,0,0,1
2107,0.01,0.38,0.62,0.45,9,9,6,2,0,0,0,0
2108,0.43,0.62,0.55,0.6,9,3,6,2,1,0,0,0
2109,0.2,0.79,0.01,0.58,10,0,6,2,1,0,0,0
2110,0.41,0.11,0.79,0.5,9,0,6,2,1,0,0,1
2111,0.83,0.78,0.41,0.79,9,6,6,2,1,0,0,0
2112,0.62,0.94,0.53,0.16,9,14,6,2,0,0,0,1
2113,0.9,0.66,0.39,0.82,9,5,6,2,0,0,0,0
2114,0.64,0.07,0.43,0.61,9,5,6,2,1,0,0,1
2115,0.9,0.66,0.52,0.82,9,9,6,2,0,0,0,0
2116,0.73,0.79,0.48,0.96,10,0,6,2,1,0,0,0
2117,0.11,0.83,0.53,1.0,10,10,6,2,1,0,0,0
2118,0.2,0.95,0.96,0.74,10,7,6,2,0,0,0,1
2119,0.5,0.08,0.32,0.52,7,2,6,2,1,0,0,0
2120,0.87,0.6,0.82,0.73,9,12,6,2,1,0,0,1
2121,0.62,0.65,0.56,0.7,9,8,6,2,0,0,1,0
2122,0.52,0.65,0.39,0.95,9,8,6,2,0,0,0,0
2123,1.0,0.75,0.51,0.43,9,2,6,2,1,2,0,0
2124,0.16,0.35,0.43,0.49,9,8,6,2,1,0,0,0
2125,0.78,0.25,0.1,0.68,9,8,6,2,1,0,0,0
2126,0.29,0.72,0.82,0.25,9,1,6,2,1,0,0,0
2127,0.43,0.24,0.91,0.47,9,14,6,2,1,0,1,0
2128,0.13,0.6,0.49,0.44,10,10,6,2,2,0,0,0
2129,0.21,0.4,0.49,0.84,9,13,6,2,0,0,0,1
2130,0.87,0.76,0.29,0.51,9,1,6,2,1,0,1,1
2131,0.06,0.81,0.41,0.11,9,0,6,2,0,0,0,0
2132,0.08,0.77,0.5,0.23,9,14,6,2,2,0,0,0
2133,0.11,0.27,0.03,0.78,10,3,6,2,1,0,0,0
2134,0.9,0.07,0.09,0.7,9,9,6,2,0,0,0,0
2135,0.87,0.72,0.42,0.9,9,1,6,2,1,0,0,0
2136,0.24,0.73,0.47,0.6,9,12,6,2,1,0,0,0
2137,0.88,0.59,0.7,0.26,9,0,6,2,1,0,0,0
2138,0.08,0.89,0.64,0.02,9,11,6,2,1,0,0,1
2139,0.25,0.67,0.58,0.34,9,8,6,2,0,0,0,0
2140,0.11,0.94,0.51,0.38,10,14,6,2,0,0,0,0
2141,0.31,0.87,0.45,0.51,9,7,6,2,2,0,0,0
2142,0.5,0.74,0.94,0.49,9,4,6,2,0,0,0,1
2143,0.07,0.42,0.92,0.48,9,4,6,2,0,0,0,1
2144,0.65,0.68,0.55,0.81,9,8,6,2,0,0,0,0
2145,0.44,0.51,0.58,0.52,9,1,6,2,1,0,0,1
2146,0.85,0.35,0.39,0.16,9,7,6,2,0,0,0,0
2147,1.0,0.59,0.44,0.34,5,9,6,2,1,0,0,0
2148,0.71,0.57,0.98,0.73,9,9,6,2,1,0,0,0
2149,0.2,0.39,0.14,0.9,9,0,6,2,1,0,1,0
2150,0.77,0.23,0.64,0.78,9,9,6,2,1,0,0,1
2151,0.32,0.94,0.94,0.24,10,7,6,2,0,0,0,0
2152,0.88,0.61,1.0,0.95,9,4,6,2,1,0,0,0
2153,0.91,0.64,0.46,0.83,9,12,6,2,0,0,0,1
2154,0.67,0.52,0.32,0.42,9,2,6,2,2,0,0,1
2155,0.7,0.62,0.92,0.36,9,5,6,2,1,0,0,1
2156,0.28,0.59,0.98,0.7,9,7,6,2,0,0,1,0
2157,0.78,0.77,0.88,0.65,9,9,6,2,1,0,0,0
2158,0.58,0.42,0.97,0.88,9,5,6,2,0,0,0,0
2159,0.46,0.06,0.33,0.19,9,8,6,2,1,0,1,0
2160,0.25,0.24,0.24,0.49,10,9,6,2,0,0,0,1
2161,0.98,0.24,0.35,0.76,9,9,6,2,1,0,0,0
2162,0.18,0.44,0.86,0.35,9,3,6,2,0,0,0,0
2163,0.16,0.91,0.58,0.59,9,4,6,2,1,1,2,0
2164,0.1,0.61,0.41,0.53,11,8,6,2,1,0,0,0
2165,0.52,0.44,0.21,0.12,9,0,6,2,0,0,1,0
2166,0.0,0.89,0.39,0.04,9,1,6,2,1,0,0,1
2167,1.0,0.52,0.56,0.95,9,14,6,2,1,0,0,0
2168,0.99,0.05,0.51,0.38,9,6,6,2,0,0,0,1
2169,0.32,0.04,0.49,0.16,9,10,6,2,1,0,0,1
2170,0.54,0.51,0.43,0.41,9,6,6,2,1,0,0,1
2171,0.93,0.54,0.61,0.76,9,14,6,2,1,0,0,0
2172,0.95,0.56,0.78,0.36,9,12,6,2,0,0,0,0
2173,0.8,0.58,0.3,0.05,9,11,6,2,0,0,0,0
2174,0.75,0.92,0.49,0.71,9,10,6,2,1,0,0,0
2175,0.57,0.13,0.32,0.73,9,7,6,2,0,0,0,1
2176,0.97,0.73,0.4,0.61,9,9,6,2,1,0,0,0
2177,0.13,0.12,0.43,0.96,9,10,6,2,2,0,0,1
2178,0.32,0.17,0.66,0.77,10,6,6,2,1,2,0,0
2179,0.49,0.08,0.21,0.57,9,9,6,2,2,0,0,0
2180,0.73,0.0,0.84,0.43,10,3,6,2,1,0,0,0
2181,0.32,0.64,0.84,0.67,9,4,6,2,1,2,0,1
2182,0.54,0.63,0.6,0.33,9,13,6,2,1,0,1,0
2183,0.15,0.95,0.45,0.17,9,10,6,2,1,0,0,1
2184,0.42,0.95,0.3,0.69,9,9,6,2,1,0,1,0
2185,0.06,0.56,0.59,0.43,9,9,6,2,1,0,0,0
2186,0.83,0.73,0.93,0.25,10,4,6,2,1,0,0,1
2187,0.2,0.61,0.12,0.38,11,14,6,2,1,0,1,0
2188,0.05,0.4,0.49,0.92,9,3,6,2,1,0,0,1
2189,0.74,0.46,0.52,0.4,9,12,6,2,1,0,1,0
2190,0.46,0.74,0.43,0.09,9,2,6,2,1,0,0,1
2191,0.39,0.27,0.47,0.45,8,4,6,2,1,0,0,1
2192,0.84,0.61,0.23,0.39,9,13,6,2,0,0,0,0
2193,0.77,0.01,0.46,0.34,9,11,6,2,0,0,1,0
2194,0.71,0.26,0.33,0.63,9,9,6,2,1,0,0,0
2195,0.54,0.61,0.59,0.58,9,0,6,2,1,0,2,1
2196,0.29,0.8,0.85,0.5,9,13,6,2,0,0,0,0
2197,0.94,0.6,0.2,0.15,9,3,6,2,1,0,0,0
2198,0.24,0.61,0.33,0.5,9,4,6,2,1,0,0,1
2199,0.93,0.83,0.51,0.36,10,14,6,2,1,0,0,1
2200,0.31,0.17,0.46,0.33,8,5,0,2,1,0,4,0
2201,0.33,0.84,0.67,0.52,8,3,0,2,1,0,3,0
2202,0.61,0.1,0.41,0.09,10,5,0,2,1,0,4,1
2203,0.87,0.37,0.64,0.18,10,5,0,2,1,0,4,0
2204,0.7,0.24,0.24,0.18,10,5,0,2,1,0,4,1
2205,0.52,0.68,0.3,0.07,10,7,0,2,1,0,3,1
2206,0.09,0.8,0.4,0.46,10,0,0,2,2,0,4,0
2207,0.85,0.49,0.49,0.91,10,5,0,2,1,0,2,0
2208,0.8,0.47,0.88,0.81,10,10,0,2,0,0,4,0
2209,0.17,0.76,0.41,0.67,10,5,0,2,0,0,2,1
2210,0.63,0.89,0.26,0.41,10,8,0,2,1,0,2,0
2211,0.46,0.26,0.32,0.74,10,3,0,2,0,0,4,0
2212,0.28,0.42,0.76,0.1,10,11,0,2,1,0,4,1
2213,0.37,0.17,0.66,0.09,10,1,0,2,0,0,4,0
2214,0.31,0.54,0.16,0.72,10,10,0,2,1,0,4,0
2215,0.44,0.01,0.43,0.08,10,11,0,2,1,0,3,0
2216,0.58,0.7,0.4,0.23,10,0,0,2,1,0,4,0
2217,0.37,0.22,0.65,0.88,10,0,0,2,0,0,1,0
2218,0.09,0.73,0.06,0.5,10,12,0,2,1,0,4,1
2219,0.93,0.76,0.56,0.58,10,8,0,2,1,0,4,0
2220,0.28,0.51,0.62,0.76,10,3,0,2,1,0,4,1
2221,0.12,0.17,0.04,0.82,10,12,0,2,2,0,4,0
2222,0.63,0.38,0.09,0.99,10,5,0,2,1,0,4,0
2223,0.49,0.15,0.5,0.57,10,9,0,2,0,1,4,1
2224,0.24,0.58,0.65,0.42,10,0,0,2,2,0,4,1
2225,0.74,0.03,0.05,0.87,10,10,0,2,1,0,4,0
2226,0.64,0.81,0.76,0.28,10,3,0,2,0,0,4,0
2227,0.42,0.93,0.29,0.77,10,5,0,2,1,0,3,1
2228,0.59,0.56,0.6,0.17,10,6,0,2,1,0,4,0
2229,0.32,0.35,0.43,0.07,10,4,0,2,1,0,2,0
2230,0.9,0.38,0.21,0.43,10,0,0,2,2,0,4,0
2231,0.05,0.82,0.72,0.49,10,7,0,2,0,0,4,0
2232,0.83,0.17,0.31,0.46,10,14,0,2,0,0,1,0
2233,0.72,0.36,0.38,0.24,9,14,0,2,1,0,0,0
2234,0.2,0.97,0.81,0.33,10,2,0,2,1,0,4,1
2235,0.06,0.44,0.45,0.54,10,5,0,2,0,0,4,0
2236,0.81,0.51,0.48,0.24,9,6,0,2,1,0,4,0
2237,0.08,0.71,0.87,0.51,10,14,0,2,0,2,4,0
2238,0.38,0.22,0.07,0.04,10,9,0,2,1,1,4,0
2239,0.99,0.41,0.4,0.14,10,1,0,2,0,0,2,1
2240,0.69,0.65,0.52,0.75,10,8,0,2,2,0,4,0
2241,0.69,0.43,0.02,0.81,10,2,0,2,0,0,3,0
2242,0.81,0.76,0.05,0.5,10,4,0,2,1,0,4,0
2243,0.53,0.96,0.49,0.16,10,10,0,2,1,0,4,0
2244,0.81,0.5,0.56,0.08,8,9,0,2,2,0,4,0
2245,0.93,0.57,0.51,0.71,10,9,0,2,0,0,4,0
2246,0.73,0.43,0.66,0.13,10,12,0,2,1,0,3,1
2247,0.78,0.38,0.87,0.2,10,12,0,2,0,2,4,0
2248,0.49,0.87,0.63,0.24,10,6,0,2,1,0,4,0
2249,0.49,0.48,0.38,0.34,10,4,0,2,0,0,4,0
2250,0.32,0.29,0.98,0.88,10,12,0,2,0,0,4,0
2251,0.95,0.27,0.59,0.82,10,14,0,2,1,0,4,1
2252,0.22,0.26,0.48,0.32,10,0,0,2,0,0,4,0
2253,0.35,0.12,0.21,0.94,10,10,0,2,1,0,2,1
2254,0.66,0.39,0.51,0.9,10,6,0,2,0,0,4,0
2255,0.4,0.43,0.08,0.15,10,12,0,2,1,0,4,0
2256,0.76,0.54,0.19,0.76,10,11,0,2,1,0,3,0
2257,0.57,0.59,0.05,0.34,10,8,0,2,0,0,4,1
2258,0.6,0.27,0.54,0.14,10,11,0,2,1,0,4,0
2259,0.51,0.78,0.33,0.45,9,5,0,2,1,0,4,0
2260,0.67,0.44,0.67,0.26,10,8,0,2,1,0,4,1
2261,0.79,0.51,0.6,0.85,9,9,0,2,1,0,4,0
2262,0.29,0.09,0.46,0.72,10,2,0,2,1,0,4,0
2263,0.34,0.37,0.55,0.75,10,10,0,2,0,0,4,0
2264,0.46,0.79,0.09,0.66,10,4,0,2,1,0,4,0
2265,0.62,0.71,0.54,0.3,10,13,0,2,1,0,1,0
2266,0.6,0.52,0.49,0.01,10,7,0,2,1,0,2,0
2267,0.23,0.47,0.5,0.62,10,11,0,2,2,0,3,0
2268,0.44,0.74,0.41,0.53,10,5,0,2,1,0,4,1
2269,0.4,0.75,0.76,0.18,10,2,0,2,2,0,4,0
2270,0.23,0.23,0.43,0.56,10,13,0,2,1,0,4,0
2271,0.65,0.24,0.42,0.7,10,4,0,2,0,1,2,0
2272,0.25,0.55,0.4,0.62,10,5,0,2,1,0,4,0
2273,0.71,0.91,0.45,0.26,10,6,0,2,0,0,4,1
2274,0.91,0.71,0.52,0.6,10,9,0,2,0,0,4,0
2275,0.97,0.25,0.21,0.29,10,11,0,2,1,2,1,0
2276,0.72,0.49,0.64,0.81,10,9,0,2,2,0,4,0
2277,0.05,0.51,0.87,0.33,10,1,0,2,1,0,4,0
2278,0.52,0.47,0.73,0.96,10,3,0,2,1,0,4,0
2279,0.08,0.37,0.74,0.06,9,9,0,2,0,0,4,0
2280,0.08,0.24,0.71,0.63,10,12,0,2,1,0,2,0
2281,0.7,0.85,0.63,0.82,10,9,0,2,1,0,4,0
2282,0.89,0.39,0.11,0.04,9,13,0,2,1,0,4,1
2283,0.81,0.77,0.35,0.52,10,10,0,2,1,0,4,1
2284,0.02,0.58,0.21,0.37,10,5,0,2,0,1,4,0
2285,0.03,0.48,0.71,0.57,10,10,0,2,1,1,4,0
2286,0.44,0.23,0.36,0.06,10,5,0,2,1,1,2,1
2287,0.39,0.49,0.91,0.07,10,7,0,2,1,0,4,0
2288,0.04,0.38,0.4,0.39,10,1,0,2,1,0,4,0
2289,0.24,0.17,0.52,0.52,9,4,0,2,0,0,4,0
2290,0.67,0.45,0.64,0.14,10,10,0,2,1,0,4,0
2291,0.62,0.16,0.72,0.88,10,10,0,2,1,0,2,1
2292,0.99,0.99,0.34,0.13,10,5,0,2,0,0,2,0
2293,0.56,0.02,0.67,0.36,10,5,0,2,0,0,4,0
2294,0.23,0.26,0.55,0.63,10,14,0,2,0,0,4,0
2295,0.22,0.54,0.49,0.43,10,10,0,2,2,0,4,0
2296,0.17,0.78,0.58,0.38,10,6,0,2,2,1,4,1
2297,0.47,0.98,0.46,0.76,10,4,0,2,1,0,3,0
2298,0.9,0.34,0.57,0.7,10,13,0,2,1,0,4,1
2299,0.91,0.53,0.37,0.59,10,12,0,2,1,0,3,0
2300,0.65,0.99,0.91,0.32,10,8,5,2,1,1,4,1
2301,0.86,0.79,0.72,0.14,10,1,5,2,0,1,4,0
2302,0.47,0.95,0.31,0.86,10,10,5,2,2,1,0,0
2303,0.85,0.16,0.1,0.74,10,1,5,2,0,1,1,0
2304,0.86,0.3,0.53,0.51,10,10,5,2,0,1,3,0
2305,0.56,0.27,0.4,0.9,10,3,5,2,1,1,4,1
2306,0.33,0.65,0.43,0.65,10,1,5,2,1,1,4,0
2307,0.8,0.21,0.37,0.74,10,5,5,2,0,1,4,0
2308,0.02,0.41,0.74,0.92,10,12,5,2,0,1,4,0
2309,0.34,0.21,0.48,0.41,10,5,5,2,1,1,4,0
2310,0.78,0.38,1.0,0.88,10,8,5,2,1,1,4,0
2311,0.04,0.71,0.3,0.66,10,3,5,2,0,1,4,1
2312,0.86,0.28,0.7,0.48,11,11,5,2,0,1,1,0
2313,0.51,0.85,0.09,0.8,8,1,5,2,0,1,4,0
2314,0.52,0.42,0.84,0.59,10,14,5,2,1,1,4,0
2315,0.12,0.72,0.87,0.33,10,12,5,2,1,1,4,1
2316,0.34,0.59,0.68,0.75,7,12,5,2,1,1,4,0
2317,0.97,0.21,0.14,0.58,10,8,5,2,1,0,4,0
2318,0.23,0.54,0.96,0.81,10,8,5,2,2,1,4,0
2319,0.27,0.42,0.3,0.22,9,2,5,2,0,1,4,0
2320,0.41,0.07,0.75,0.97,10,6,5,2,1,1,4,1
2321,0.21,0.58,0.04,0.34,10,1,5,2,2,1,4,0
2322,0.48,0.02,0.62,0.95,10,3,5,2,1,1,1,0
2323,0.82,0.56,0.5,0.34,10,11,5,2,2,1,4,0
2324,0.44,0.09,0.89,0.91,10,0,5,2,2,1,4,0
2325,0.65,0.72,0.39,0.95,10,6,5,2,2,1,4,0
2326,0.61,0.46,0.25,0.99,10,6,5,2,0,1,0,0
2327,0.42,0.86,0.49,0.21,10,5,5,2,1,1,4,0
2328,0.05,0.51,0.43,0.25,10,6,5,2,0,1,4,0
2329,0.54,0.02,0.44,0.96,10,9,5,2,1,1,2,1
2330,0.54,0.44,0.17,0.51,10,1,5,2,0,1,4,0
2331,0.25,0.04,0.47,0.85,10,9,5,2,1,1,4,0
2332,0.44,0.44,0.28,0.62,10,8,5,2,1,1,1,0
2333,0.36,0.76,0.38,0.92,10,5,5,2,1,1,4,0
2334,0.33,0.19,0.77,0.35,10,12,5,2,0,1,4,0
2335,0.36,0.52,0.39,0.66,10,2,5,2,1,1,4,1
2336,0.11,0.64,0.48,0.61,10,1,5,2,1,1,4,0
2337,0.66,0.85,0.6,0.63,10,9,5,2,0,1,4,0
2338,0.54,0.14,0.6,0.14,10,3,5,2,1,1,4,0
2339,0.56,0.18,0.16,0.54,10,3,5,2,2,1,4,1
2340,0.24,0.77,0.12,0.67,10,12,5,2,1,1,4,0
2341,0.43,0.59,0.1,0.74,10,10,5,2,0,1,4,0
2342,0.63,0.32,0.63,0.87,10,10,5,2,1,1,4,1
2343,0.6,0.64,0.75,0.06,10,13,5,2,1,1,4,0
2344,0.61,0.39,0.63,0.32,9,12,5,2,0,1,4,1
2345,0.34,0.81,0.43,0.47,10,5,5,2,2,1,4,1
2346,0.41,0.93,0.35,0.71,10,3,5,2,1,1,4,0
2347,0.32,0.64,0.73,0.26,9,3,5,2,1,1,4,0
2348,0.57,0.16,0.51,0.25,10,4,5,2,1,0,4,1
2349,0.23,0.7,0.97,0.7,10,12,5,2,0,1,4,0
